"","SABL_PWSID","COUNTY"
"1","CA1100445","GLENN  "
"2","CA5201140","TEHAMA  "
"3","CA1910234","LOS ANGELES  "
"4","CA3710047","SAN DIEGO  "
"5","CA1500452","KERN  "
"6","CA4400692","SANTA CRUZ  "
"7","CA3301943","RIVERSIDE  "
"8","CA3710037","SAN DIEGO  "
"9","CA4810026","SOLANO  "
"10","CA0310005","AMADOR  "
"11","CA1210007","HUMBOLDT  "
"12","CA3310017","RIVERSIDE  "
"13","CA1400037","INYO  "
"14","CA3700041","SAN DIEGO  "
"15","CA3910020","SAN JOAQUIN  "
"16","CA3900927","SAN JOAQUIN  "
"17","CA3900586","SAN JOAQUIN  "
"18","CA5200534","TEHAMA  "
"19","CA3010079","ORANGE  "
"20","CA2300606","MENDOCINO  "
"21","CA2810007","NAPA  "
"22","CA5800823","YUBA  "
"23","CA4400604","SANTA CRUZ  "
"24","CA4400526","SANTA CRUZ  "
"25","CA2700970","MONTEREY  "
"26","CA5800832","YUBA  "
"27","CA3600399","SAN BERNARDINO  "
"28","CA3400179","SACRAMENTO  "
"29","CA1500485","KERN  "
"30","CA3010068","ORANGE  "
"31","CA3600087","SAN BERNARDINO  "
"32","CA5000071","STANISLAUS  "
"33","CA1910194","LOS ANGELES  "
"34","CA5400744","TULARE  "
"35","CA0707523","CONTRA COSTA  "
"36","CA5210002","TEHAMA  "
"37","CA2900502","NEVADA  "
"38","CA4410016","SANTA CRUZ  "
"39","CA1010062","FRESNO  "
"40","CA4400611","SANTA CRUZ  "
"41","CA5602108","VENTURA  "
"42","CA3100528","PLACER  "
"43","CA5200535","TEHAMA  "
"44","CA1210019","HUMBOLDT  "
"45","CA0400008","BUTTE  "
"46","CA3900596","SAN JOAQUIN  "
"47","CA5000060","STANISLAUS  "
"48","CA5010010","STANISLAUS  "
"49","CA2702405","MONTEREY  "
"50","CA4700542","SISKIYOU  "
"51","CA1910158","LOS ANGELES  "
"52","CA3900606","SAN JOAQUIN  "
"53","CA1800512","LASSEN  "
"54","CA1110001","GLENN  "
"55","CA3600064","SAN BERNARDINO  "
"56","CA4810011","SOLANO  "
"57","CA4010027","SAN LUIS OBISPO  "
"58","CA4700521","SISKIYOU  "
"59","CA4400558","SANTA CRUZ  "
"60","CA0210002","ALPINE  "
"61","CA3910018","SAN JOAQUIN  "
"62","CA0510009","CALAVERAS  "
"63","CA1900636","LOS ANGELES  "
"64","CA5602110","VENTURA  "
"65","CA1810004","LASSEN  "
"66","CA4610001","SIERRA  "
"67","CA1900303","LOS ANGELES  "
"68","CA4000808","SAN LUIS OBISPO  "
"69","CA4500092","SHASTA  "
"70","CA3500576","SAN BENITO  "
"71","CA3301528","RIVERSIDE  "
"72","CA0610004","COLUSA  "
"73","CA5500092","TUOLUMNE  "
"74","CA1210020","HUMBOLDT  "
"75","CA1710003","LAKE  "
"76","CA3010064","ORANGE  "
"77","CA5500116","TUOLUMNE  "
"78","CA0300011","AMADOR  "
"79","CA5310003","TRINITY  "
"80","CA3310002","RIVERSIDE  "
"81","CA2710020","MONTEREY  "
"82","CA3610053","SAN BERNARDINO  "
"83","CA4700686","SISKIYOU  "
"84","CA1900038","LOS ANGELES  "
"85","CA5200512","TEHAMA  "
"86","CA1500459","KERN  "
"87","CA4900588","SONOMA  "
"88","CA1010007","FRESNO  "
"89","CA3301588","RIVERSIDE  "
"90","CA0400027","BUTTE  "
"91","CA4500016","SHASTA  "
"92","CA3310033","RIVERSIDE  "
"93","CA1910239","LOS ANGELES  "
"94","CA3400130","SACRAMENTO  "
"95","CA5400728","TULARE  "
"96","CA0400023","BUTTE  "
"97","CA0310004","AMADOR  "
"98","CA2000509","MADERA  "
"99","CA0400123","BUTTE  "
"100","CA5610040","VENTURA  "
"101","CA0400090","BUTTE  "
"102","CA2700837","MONTEREY  "
"103","CA1910028","LOS ANGELES  "
"104","CA3400135","SACRAMENTO  "
"105","CA0710009","CONTRA COSTA  "
"106","CA1100404","GLENN  "
"107","CA2410018","MERCED  "
"108","CA1400020","INYO  "
"109","CA4500203","SHASTA  "
"110","CA2110005","MARIN  "
"111","CA1910146","LOS ANGELES  "
"112","CA1910211","LOS ANGELES  "
"113","CA5200504","TEHAMA  "
"114","CA3100069","PLACER  "
"115","CA4000568","SAN LUIS OBISPO  "
"116","CA2710007","MONTEREY  "
"117","CA4810008","SOLANO  "
"118","CA1510021","KERN  "
"119","CA0910013","EL DORADO  "
"120","CA2400201","MERCED  "
"121","CA3310051","RIVERSIDE  "
"122","CA4500008","SHASTA  "
"123","CA0910002","EL DORADO  "
"124","CA1510028","KERN  "
"125","CA4110021","SAN MATEO  "
"126","CA4110001","SAN MATEO  "
"127","CA1510015","KERN  "
"128","CA1510025","KERN  "
"129","CA2000593","MADERA  "
"130","CA3110041","PLACER  "
"131","CA3610016","SAN BERNARDINO  "
"132","CA4900603","SONOMA  "
"133","CA2810004","NAPA  "
"134","CA1910018","LOS ANGELES  "
"135","CA5410010","TULARE  "
"136","CA0400003","BUTTE  "
"137","CA1400026","INYO  "
"138","CA3301115","RIVERSIDE  "
"139","CA3610117","SAN BERNARDINO  "
"140","CA1900542","LOS ANGELES  "
"141","CA0310021","AMADOR  "
"142","CA3400107","SACRAMENTO  "
"143","CA3400397","SACRAMENTO  "
"144","CA4510007","SHASTA  "
"145","CA4910009","SONOMA  "
"146","CA4900653","SONOMA  "
"147","CA4910013","SONOMA  "
"148","CA4900793","SONOMA  "
"149","CA3110009","PLACER  "
"150","CA1502569","KERN  "
"151","CA3610060","SAN BERNARDINO  "
"152","CA5410009","TULARE  "
"153","CA3901159","SAN JOAQUIN  "
"154","CA4500063","SHASTA  "
"155","CA1500561","KERN  "
"156","CA3400169","SACRAMENTO  "
"157","CA2000592","MADERA  "
"158","CA1010025","FRESNO  "
"159","CA5400553","TULARE  "
"160","CA3901215","SAN JOAQUIN  "
"161","CA1310008","IMPERIAL  "
"162","CA5402038","TULARE  "
"163","CA5110001","SUTTER  "
"164","CA5400647","TULARE  "
"165","CA4210017","SANTA BARBARA  "
"166","CA3210011","PLUMAS  "
"167","CA3600025","SAN BERNARDINO  "
"168","CA5110007","SUTTER  "
"169","CA5000072","STANISLAUS  "
"170","CA4900521","SONOMA  "
"171","CA1300018","IMPERIAL  "
"172","CA3610011","SAN BERNARDINO  "
"173","CA4000222","SAN LUIS OBISPO  "
"174","CA2010011","MADERA  "
"175","CA4900673","SONOMA  "
"176","CA1910044","LOS ANGELES  "
"177","CA3303035","RIVERSIDE  "
"178","CA1000267","FRESNO  "
"179","CA2700547","MONTEREY  "
"180","CA3301511","RIVERSIDE  "
"181","CA4900789","SONOMA  "
"182","CA5010028","STANISLAUS  "
"183","CA4500062","SHASTA  "
"184","CA4900798","SONOMA  "
"185","CA3910003","SAN JOAQUIN  "
"186","CA3710021","SAN DIEGO  "
"187","CA5301001","TRINITY  "
"188","CA3200148","PLUMAS  "
"189","CA1510029","KERN  "
"190","CA5610035","VENTURA  "
"191","CA3301180","RIVERSIDE  "
"192","CA0500068","CALAVERAS  "
"193","CA0310019","AMADOR  "
"194","CA2000552","MADERA  "
"195","CA3010018","ORANGE  "
"196","CA5810002","YUBA  "
"197","CA5410038","TULARE  "
"198","CA4010028","SAN LUIS OBISPO  "
"199","CA3301577","RIVERSIDE  "
"200","CA5301101","TRINITY  "
"201","CA5805001","YUBA  "
"202","CA1010035","FRESNO  "
"203","CA4210022","SANTA BARBARA  "
"204","CA4010016","SAN LUIS OBISPO  "
"205","CA1910003","LOS ANGELES  "
"206","CA5610059","VENTURA  "
"207","CA4910010","SONOMA  "
"208","CA1510006","KERN  "
"209","CA1910090","LOS ANGELES  "
"210","CA2710022","MONTEREY  "
"211","CA3610028","SAN BERNARDINO  "
"212","CA1300550","IMPERIAL  "
"213","CA5400506","TULARE  "
"214","CA5200508","TEHAMA  "
"215","CA2700775","MONTEREY  "
"216","CA5810004","YUBA  "
"217","CA0900112","EL DORADO  "
"218","CA3700909","SAN DIEGO  "
"219","CA4910028","SONOMA  "
"220","CA4210003","SANTA BARBARA  "
"221","CA5301008","TRINITY  "
"222","CA3500556","SAN BENITO  "
"223","CA0707577","CONTRA COSTA  "
"224","CA3310038","RIVERSIDE  "
"225","CA4510002","SHASTA  "
"226","CA5000095","STANISLAUS  "
"227","CA3000618","ORANGE  "
"228","CA4900660","SONOMA  "
"229","CA3301682","RIVERSIDE  "
"230","CA5610039","VENTURA  "
"231","CA1700595","LAKE  "
"232","CA3310028","RIVERSIDE  "
"233","CA5400934","TULARE  "
"234","CA3301630","RIVERSIDE  "
"235","CA2710005","MONTEREY  "
"236","CA1910098","LOS ANGELES  "
"237","CA4510003","SHASTA  "
"238","CA3710025","SAN DIEGO  "
"239","CA3610015","SAN BERNARDINO  "
"240","CA3610002","SAN BERNARDINO  "
"241","CA4500028","SHASTA  "
"242","CA4510014","SHASTA  "
"243","CA3400296","SACRAMENTO  "
"244","CA4900728","SONOMA  "
"245","CA5400767","TULARE  "
"246","CA2000828","MADERA  "
"247","CA0400026","BUTTE  "
"248","CA4901071","SONOMA  "
"249","CA4400608","SANTA CRUZ  "
"250","CA1400059","INYO  "
"251","CA3210001","PLUMAS  "
"252","CA1910065","LOS ANGELES  "
"253","CA3900721","SAN JOAQUIN  "
"254","CA4300550","SANTA CLARA  "
"255","CA4500093","SHASTA  "
"256","CA2300514","MENDOCINO  "
"257","CA3110035","PLACER  "
"258","CA3410016","SACRAMENTO  "
"259","CA3110124","PLACER  "
"260","CA1502670","KERN  "
"261","CA1510009","KERN  "
"262","CA4900796","SONOMA  "
"263","CA1910079","LOS ANGELES  "
"264","CA3010042","ORANGE  "
"265","CA5510006","TUOLUMNE  "
"266","CA5410011","TULARE  "
"267","CA1000054","FRESNO  "
"268","CA3103836","PLACER  "
"269","CA1700580","LAKE  "
"270","CA2701452","MONTEREY  "
"271","CA3310032","RIVERSIDE  "
"272","CA3010004","ORANGE  "
"273","CA0610001","COLUSA  "
"274","CA4900634","SONOMA  "
"275","CA4900791","SONOMA  "
"276","CA2100579","MARIN  "
"277","CA3600155","SAN BERNARDINO  "
"278","CA5304502","TRINITY  "
"279","CA0400016","BUTTE  "
"280","CA4500200","SHASTA  "
"281","CA5410007","TULARE  "
"282","CA3103835","PLACER  "
"283","CA3301990","RIVERSIDE  "
"284","CA4010007","SAN LUIS OBISPO  "
"285","CA5500353","TUOLUMNE  "
"286","CA1500324","KERN  "
"287","CA4810002","SOLANO  "
"288","CA2702198","MONTEREY  "
"289","CA4500313","SHASTA  "
"290","CA4500314","SHASTA  "
"291","CA3610045","SAN BERNARDINO  "
"292","CA0800603","DEL NORTE  "
"293","CA1510033","KERN  "
"294","CA3110044","PLACER  "
"295","CA2700522","MONTEREY  "
"296","CA3110010","PLACER  "
"297","CA4300994","SANTA CLARA  "
"298","CA3110011","PLACER  "
"299","CA3200107","PLUMAS  "
"300","CA3700923","SAN DIEGO  "
"301","CA3110017","PLACER  "
"302","CA0103040","ALAMEDA  "
"303","CA5000054","STANISLAUS  "
"304","CA1910023","LOS ANGELES  "
"305","CA3610073","SAN BERNARDINO  "
"306","CA5500074","TUOLUMNE  "
"307","CA3901075","SAN JOAQUIN  "
"308","CA4110011","SAN MATEO  "
"309","CA4300521","SANTA CLARA  "
"310","CA0410018","BUTTE  "
"311","CA1200591","HUMBOLDT  "
"312","CA0300019","AMADOR  "
"313","CA5010026","STANISLAUS  "
"314","CA4500173","SHASTA  "
"315","CA4300560","SANTA CLARA  "
"316","CA3900844","SAN JOAQUIN  "
"317","CA4300999","SANTA CLARA  "
"318","CA4300615","SANTA CLARA  "
"319","CA4300603","SANTA CLARA  "
"320","CA4300978","SANTA CLARA  "
"321","CA1100436","GLENN  "
"322","CA3700277","SAN DIEGO  "
"323","CA0710001","CONTRA COSTA  "
"324","CA5500115","TUOLUMNE  "
"325","CA5200510","TEHAMA  "
"326","CA1910166","LOS ANGELES  "
"327","CA4110022","SAN MATEO  "
"328","CA5210001","TEHAMA  "
"329","CA5500149","TUOLUMNE  "
"330","CA3410009","SACRAMENTO  "
"331","CA3410004","SACRAMENTO  "
"332","CA3600345","SAN BERNARDINO  "
"333","CA1900907","LOS ANGELES  "
"334","CA1100413","GLENN  "
"335","CA4400598","SANTA CRUZ  "
"336","CA4500204","SHASTA  "
"337","CA1810002","LASSEN  "
"338","CA4500235","SHASTA  "
"339","CA5400660","TULARE  "
"340","CA1710014","LAKE  "
"341","CA2210903","MARIPOSA  "
"342","CA2701959","MONTEREY  "
"343","CA2702003","MONTEREY  "
"344","CA1500290","KERN  "
"345","CA4200822","SANTA BARBARA  "
"346","CA4700528","SISKIYOU  "
"347","CA4400625","SANTA CRUZ  "
"348","CA1310004","IMPERIAL  "
"349","CA3600022","SAN BERNARDINO  "
"350","CA5601144","VENTURA  "
"351","CA4500106","SHASTA  "
"352","CA4500023","SHASTA  "
"353","CA3610052","SAN BERNARDINO  "
"354","CA4610002","SIERRA  "
"355","CA1300588","IMPERIAL  "
"356","CA5200010","TEHAMA  "
"357","CA3610050","SAN BERNARDINO  "
"358","CA3100043","PLACER  "
"359","CA2910002","NEVADA  "
"360","CA2000605","MADERA  "
"361","CA1000359","FRESNO  "
"362","CA3901216","SAN JOAQUIN  "
"363","CA3901172","SAN JOAQUIN  "
"364","CA4600009","SIERRA  "
"365","CA1910009","LOS ANGELES  "
"366","CA1100452","GLENN  "
"367","CA2701553","MONTEREY  "
"368","CA1400072","INYO  "
"369","CA1500542","KERN  "
"370","CA0800526","DEL NORTE  "
"371","CA0510011","CALAVERAS  "
"372","CA5510024","TUOLUMNE  "
"373","CA3310022","RIVERSIDE  "
"374","CA0409181","BUTTE  "
"375","CA4400631","SANTA CRUZ  "
"376","CA5000090","STANISLAUS  "
"377","CA4910006","SONOMA  "
"378","CA1710001","LAKE  "
"379","CA3110020","PLACER  "
"380","CA0810002","DEL NORTE  "
"381","CA0810001","DEL NORTE  "
"382","CA3600086","SAN BERNARDINO  "
"383","CA3610049","SAN BERNARDINO  "
"384","CA3200104","PLUMAS  "
"385","CA4900599","SONOMA  "
"386","CA3301482","RIVERSIDE  "
"387","CA1910012","LOS ANGELES  "
"388","CA1000004","FRESNO  "
"389","CA1010019","FRESNO  "
"390","CA4900570","SONOMA  "
"391","CA1500340","KERN  "
"392","CA5601106","VENTURA  "
"393","CA3301428","RIVERSIDE  "
"394","CA0800700","DEL NORTE  "
"395","CA1500393","KERN  "
"396","CA0707573","CONTRA COSTA  "
"397","CA1300664","IMPERIAL  "
"398","CA3301209","RIVERSIDE  "
"399","CA1900868","LOS ANGELES  "
"400","CA5410014","TULARE  "
"401","CA2600714","MONO  "
"402","CA1100444","GLENN  "
"403","CA4400621","SANTA CRUZ  "
"404","CA0310006","AMADOR  "
"405","CA0800552","DEL NORTE  "
"406","CA5602115","VENTURA  "
"407","CA1900961","LOS ANGELES  "
"408","CA5410039","TULARE  "
"409","CA5010029","STANISLAUS  "
"410","CA3700897","SAN DIEGO  "
"411","CA3210005","PLUMAS  "
"412","CA4900546","SONOMA  "
"413","CA0605011","COLUSA  "
"414","CA5410002","TULARE  "
"415","CA4000648","SAN LUIS OBISPO  "
"416","CA5610029","VENTURA  "
"417","CA5000408","STANISLAUS  "
"418","CA5610056","VENTURA  "
"419","CA0300024","AMADOR  "
"420","CA1200544","HUMBOLDT  "
"421","CA1210010","HUMBOLDT  "
"422","CA0707576","CONTRA COSTA  "
"423","CA5010034","STANISLAUS  "
"424","CA4900605","SONOMA  "
"425","CA1700657","LAKE  "
"426","CA1210012","HUMBOLDT  "
"427","CA3600220","SAN BERNARDINO  "
"428","CA5304102","TRINITY  "
"429","CA5000033","STANISLAUS  "
"430","CA1400025","INYO  "
"431","CA5610008","VENTURA  "
"432","CA2701789","MONTEREY  "
"433","CA0300053","AMADOR  "
"434","CA3400192","SACRAMENTO  "
"435","CA5000008","STANISLAUS  "
"436","CA3310016","RIVERSIDE  "
"437","CA4200619","SANTA BARBARA  "
"438","CA1910053","LOS ANGELES  "
"439","CA5710006","YOLO  "
"440","CA4900575","SONOMA  "
"441","CA1800516","LASSEN  "
"442","CA2800516","NAPA  "
"443","CA3010038","ORANGE  "
"444","CA1400098","INYO  "
"445","CA1502622","KERN  "
"446","CA3400190","SACRAMENTO  "
"447","CA0900422","EL DORADO  "
"448","CA4510015","SHASTA  "
"449","CA3110018","PLACER  "
"450","CA1400155","INYO  "
"451","CA1510003","KERN  "
"452","CA4500027","SHASTA  "
"453","CA4500009","SHASTA  "
"454","CA1500252","KERN  "
"455","CA1300555","IMPERIAL  "
"456","CA1910213","LOS ANGELES  "
"457","CA1510055","KERN  "
"458","CA2410010","MERCED  "
"459","CA1000238","FRESNO  "
"460","CA1000056","FRESNO  "
"461","CA1910006","LOS ANGELES  "
"462","CA4500290","SHASTA  "
"463","CA4500107","SHASTA  "
"464","CA4900637","SONOMA  "
"465","CA0600013","COLUSA  "
"466","CA1900529","LOS ANGELES  "
"467","CA4900667","SONOMA  "
"468","CA1000546","FRESNO  "
"469","CA0310011","AMADOR  "
"470","CA3010062","ORANGE  "
"471","CA3900543","SAN JOAQUIN  "
"472","CA4900536","SONOMA  "
"473","CA1710009","LAKE  "
"474","CA3600094","SAN BERNARDINO  "
"475","CA0500075","CALAVERAS  "
"476","CA1910004","LOS ANGELES  "
"477","CA4310007","SANTA CLARA  "
"478","CA3500006","SAN BENITO  "
"479","CA0810003","DEL NORTE  "
"480","CA3301380","RIVERSIDE  "
"481","CA1410007","INYO  "
"482","CA0707547","CONTRA COSTA  "
"483","CA0400004","BUTTE  "
"484","CA0710007","CONTRA COSTA  "
"485","CA1010018","FRESNO  "
"486","CA4900973","SONOMA  "
"487","CA2800532","NAPA  "
"488","CA5010014","STANISLAUS  "
"489","CA4910029","SONOMA  "
"490","CA1510024","KERN  "
"491","CA3010053","ORANGE  "
"492","CA1510019","KERN  "
"493","CA1907014","LOS ANGELES  "
"494","CA2700772","MONTEREY  "
"495","CA5400556","TULARE  "
"496","CA0707597","CONTRA COSTA  "
"497","CA1000260","FRESNO  "
"498","CA4900585","SONOMA  "
"499","CA1910046","LOS ANGELES  "
"500","CA0707569","CONTRA COSTA  "
"501","CA1300628","IMPERIAL  "
"502","CA3700933","SAN DIEGO  "
"503","CA3010041","ORANGE  "
"504","CA2310002","MENDOCINO  "
"505","CA2310005","MENDOCINO  "
"506","CA1910029","LOS ANGELES  "
"507","CA2000865","MADERA  "
"508","CA1910167","LOS ANGELES  "
"509","CA5601122","VENTURA  "
"510","CA4210013","SANTA BARBARA  "
"511","CA5301102","TRINITY  "
"512","CA1000039","FRESNO  "
"513","CA1510005","KERN  "
"514","CA1500494","KERN  "
"515","CA1510017","KERN  "
"516","CA1000019","FRESNO  "
"517","CA0710004","CONTRA COSTA  "
"518","CA1910155","LOS ANGELES  "
"519","CA1910020","LOS ANGELES  "
"520","CA3010002","ORANGE  "
"521","CA3110036","PLACER  "
"522","CA2701676","MONTEREY  "
"523","CA0400014","BUTTE  "
"524","CA1610007","KINGS  "
"525","CA0409183","BUTTE  "
"526","CA4000805","SAN LUIS OBISPO  "
"527","CA1510013","KERN  "
"528","CA4000230","SAN LUIS OBISPO  "
"529","CA4000803","SAN LUIS OBISPO  "
"530","CA4000507","SAN LUIS OBISPO  "
"531","CA4000789","SAN LUIS OBISPO  "
"532","CA3110003","PLACER  "
"533","CA4300979","SANTA CLARA  "
"534","CA5610069","VENTURA  "
"535","CA3110019","PLACER  "
"536","CA4210700","SANTA BARBARA  "
"537","CA5610016","VENTURA  "
"538","CA5610018","VENTURA  "
"539","CA4000653","SAN LUIS OBISPO  "
"540","CA1910083","LOS ANGELES  "
"541","CA3410030","SACRAMENTO  "
"542","CA1000265","FRESNO  "
"543","CA0600008","COLUSA  "
"544","CA4000654","SAN LUIS OBISPO  "
"545","CA5410034","TULARE  "
"546","CA3601010","SAN BERNARDINO  "
"547","CA3700958","SAN DIEGO  "
"548","CA0105008","ALAMEDA  "
"549","CA5410024","TULARE  "
"550","CA0310008","AMADOR  "
"551","CA3600157","SAN BERNARDINO  "
"552","CA1910073","LOS ANGELES  "
"553","CA3600226","SAN BERNARDINO  "
"554","CA2700709","MONTEREY  "
"555","CA2300638",NA
"556","CA1500211","KERN  "
"557","CA5210005","TEHAMA  "
"558","CA2100508","MARIN  "
"559","CA4200851","SANTA BARBARA  "
"560","CA4200731","SANTA BARBARA  "
"561","CA4200579","SANTA BARBARA  "
"562","CA4200633","SANTA BARBARA  "
"563","CA2701926","MONTEREY  "
"564","CA3400138","SACRAMENTO  "
"565","CA3410007","SACRAMENTO  "
"566","CA1200687","HUMBOLDT  "
"567","CA4200580","SANTA BARBARA  "
"568","CA2000512","MADERA  "
"569","CA0910007","EL DORADO  "
"570","CA1000078","FRESNO  "
"571","CA1210011","HUMBOLDT  "
"572","CA1910157","LOS ANGELES  "
"573","CA1910027","LOS ANGELES  "
"574","CA1910075","LOS ANGELES  "
"575","CA3301028","RIVERSIDE  "
"576","CA5000016","STANISLAUS  "
"577","CA4000802","SAN LUIS OBISPO  "
"578","CA3110023","PLACER  "
"579","CA3200114","PLUMAS  "
"580","CA5000433","STANISLAUS  "
"581","CA3701184","SAN DIEGO  "
"582","CA5010019","STANISLAUS  "
"583","CA5000389","STANISLAUS  "
"584","CA4210006","SANTA BARBARA  "
"585","CA3600184","SAN BERNARDINO  "
"586","CA3600180","SAN BERNARDINO  "
"587","CA3600200","SAN BERNARDINO  "
"588","CA3600156","SAN BERNARDINO  "
"589","CA3701747","SAN DIEGO  "
"590","CA3600262","SAN BERNARDINO  "
"591","CA5810003","YUBA  "
"592","CA0410008","BUTTE  "
"593","CA2000526","MADERA  "
"594","CA0510004","CALAVERAS  "
"595","CA4900799","SONOMA  "
"596","CA4310014","SANTA CLARA  "
"597","CA3200155","PLUMAS  "
"598","CA2000551","MADERA  "
"599","CA2000608","MADERA  "
"600","CA2701687","MONTEREY  "
"601","CA4910021","SONOMA  "
"602","CA3200102","PLUMAS  "
"603","CA1900975","LOS ANGELES  "
"604","CA0510005","CALAVERAS  "
"605","CA0510016","CALAVERAS  "
"606","CA4210007","SANTA BARBARA  "
"607","CA2310003","MENDOCINO  "
"608","CA5000061","STANISLAUS  "
"609","CA3310030","RIVERSIDE  "
"610","CA4100503","SAN MATEO  "
"611","CA2110006","MARIN  "
"612","CA3701780","SAN DIEGO  "
"613","CA5500104","TUOLUMNE  "
"614","CA4000765","SAN LUIS OBISPO  "
"615","CA4000670","SAN LUIS OBISPO  "
"616","CA3205006","PLUMAS  "
"617","CA4000506","SAN LUIS OBISPO  "
"618","CA2110001","MARIN  "
"619","CA3510006","SAN BENITO  "
"620","CA3205001","PLUMAS  "
"621","CA2010002","MADERA  "
"622","CA1000345","FRESNO  "
"623","CA1910067","LOS ANGELES  "
"624","CA2700773","MONTEREY  "
"625","CA1910059","LOS ANGELES  "
"626","CA3900724","SAN JOAQUIN  "
"627","CA5000048","STANISLAUS  "
"628","CA3110012","PLACER  "
"629","CA4900687","SONOMA  "
"630","CA1800534","LASSEN  "
"631","CA3110048","PLACER  "
"632","CA0610002","COLUSA  "
"633","CA1502699","KERN  "
"634","CA3600185","SAN BERNARDINO  "
"635","CA4500003","SHASTA  "
"636","CA4100512","SAN MATEO  "
"637","CA3410003","SACRAMENTO  "
"638","CA3500505","SAN BENITO  "
"639","CA3600270","SAN BERNARDINO  "
"640","CA4900871","SONOMA  "
"641","CA3600279","SAN BERNARDINO  "
"642","CA1000040","FRESNO  "
"643","CA1200590","HUMBOLDT  "
"644","CA3500578","SAN BENITO  "
"645","CA3900653","SAN JOAQUIN  "
"646","CA1910148","LOS ANGELES  "
"647","CA1510032","KERN  "
"648","CA5610002","VENTURA  "
"649","CA1510001","KERN  "
"650","CA3610043","SAN BERNARDINO  "
"651","CA5601120","VENTURA  "
"652","CA4900547","SONOMA  "
"653","CA3610107","SAN BERNARDINO  "
"654","CA4300740","SANTA CLARA  "
"655","CA3610108","SAN BERNARDINO  "
"656","CA5510026","TUOLUMNE  "
"657","CA4010017","SAN LUIS OBISPO  "
"658","CA4010018","SAN LUIS OBISPO  "
"659","CA4010040","SAN LUIS OBISPO  "
"660","CA5500119","TUOLUMNE  "
"661","CA1910092","LOS ANGELES  "
"662","CA4210016","SANTA BARBARA  "
"663","CA5500120","TUOLUMNE  "
"664","CA1710004","LAKE  "
"665","CA1900849","LOS ANGELES  "
"666","CA1210024","HUMBOLDT  "
"667","CA1000555","FRESNO  "
"668","CA1200553","HUMBOLDT  "
"669","CA4010011","SAN LUIS OBISPO  "
"670","CA4000650","SAN LUIS OBISPO  "
"671","CA4810013","SOLANO  "
"672","CA1500455","KERN  "
"673","CA0310012","AMADOR  "
"674","CA2700534","MONTEREY  "
"675","CA4710007","SISKIYOU  "
"676","CA2810003","NAPA  "
"677","CA2810014","NAPA  "
"678","CA4510005","SHASTA  "
"679","CA3600400","SAN BERNARDINO  "
"680","CA1500546","KERN  "
"681","CA3500510","SAN BENITO  "
"682","CA3901303","SAN JOAQUIN  "
"683","CA1900804","LOS ANGELES  "
"684","CA1502645","KERN  "
"685","CA1010029","FRESNO  "
"686","CA1500575","KERN  "
"687","CA3910012","SAN JOAQUIN  "
"688","CA3500552","SAN BENITO  "
"689","CA3510004","SAN BENITO  "
"690","CA1500540","KERN  "
"691","CA5410019","TULARE  "
"692","CA3100538","PLACER  "
"693","CA3700859","SAN DIEGO  "
"694","CA3601036","SAN BERNARDINO  "
"695","CA3500910","SAN BENITO  "
"696","CA5601125","VENTURA  "
"697","CA5602101","VENTURA  "
"698","CA5601110","VENTURA  "
"699","CA0310001","AMADOR  "
"700","CA3710015","SAN DIEGO  "
"701","CA2410006","MERCED  "
"702","CA4900573","SONOMA  "
"703","CA3900720","SAN JOAQUIN  "
"704","CA3600108",NA
"705","CA3210006","PLUMAS  "
"706","CA3900921","SAN JOAQUIN  "
"707","CA2300646","MENDOCINO  "
"708","CA0800532","DEL NORTE  "
"709","CA5400903","TULARE  "
"710","CA1910021","LOS ANGELES  "
"711","CA1910241","LOS ANGELES  "
"712","CA2700771","MONTEREY  "
"713","CA2702388","MONTEREY  "
"714","CA3600139","SAN BERNARDINO  "
"715","CA3310029","RIVERSIDE  "
"716","CA1910161","LOS ANGELES  "
"717","CA5602132","VENTURA  "
"718","CA1500327","KERN  "
"719","CA4900543","SONOMA  "
"720","CA3610854","SAN BERNARDINO  "
"721","CA5610011","VENTURA  "
"722","CA5610009","VENTURA  "
"723","CA3600123","SAN BERNARDINO  "
"724","CA5410022","TULARE  "
"725","CA2210002","MARIPOSA  "
"726","CA3910024","SAN JOAQUIN  "
"727","CA5304501","TRINITY  "
"728","CA3010030","ORANGE  "
"729","CA1510036","KERN  "
"730","CA1000247","FRESNO  "
"731","CA1910086","LOS ANGELES  "
"732","CA4710012","SISKIYOU  "
"733","CA3110008","PLACER  "
"734","CA3301676","RIVERSIDE  "
"735","CA2110002","MARIN  "
"736","CA3010097","ORANGE  "
"737","CA4900630","SONOMA  "
"738","CA1010053","FRESNO  "
"739","CA4810012","SOLANO  "
"740","CA4200837","SANTA BARBARA  "
"741","CA0710006","CONTRA COSTA  "
"742","CA3601045","SAN BERNARDINO  "
"743","CA2810013","NAPA  "
"744","CA4900562","SONOMA  "
"745","CA4010025","SAN LUIS OBISPO  "
"746","CA3710010","SAN DIEGO  "
"747","CA3010036","ORANGE  "
"748","CA4200881","SANTA BARBARA  "
"749","CA4200531","SANTA BARBARA  "
"750","CA4200572","SANTA BARBARA  "
"751","CA2701658","MONTEREY  "
"752","CA3900563","SAN JOAQUIN  "
"753","CA2300610","MENDOCINO  "
"754","CA1510007","KERN  "
"755","CA1300009","IMPERIAL  "
"756","CA5000005","STANISLAUS  "
"757","CA0300010","AMADOR  "
"758","CA4400571","SANTA CRUZ  "
"759","CA1200718","HUMBOLDT  "
"760","CA5210003","TEHAMA  "
"761","CA1700508","LAKE  "
"762","CA4010901","SAN LUIS OBISPO  "
"763","CA3600385","SAN BERNARDINO  "
"764","CA3600196","SAN BERNARDINO  "
"765","CA3600158","SAN BERNARDINO  "
"766","CA4010026","SAN LUIS OBISPO  "
"767","CA1200518","HUMBOLDT  "
"768","CA5410050","TULARE  "
"769","CA1910117","LOS ANGELES  "
"770","CA0710003","CONTRA COSTA  "
"771","CA3901337","SAN JOAQUIN  "
"772","CA0400013","BUTTE  "
"773","CA3301040","RIVERSIDE  "
"774","CA2510002","MODOC  "
"775","CA3200138","PLUMAS  "
"776","CA4000815","SAN LUIS OBISPO  "
"777","CA4000750","SAN LUIS OBISPO  "
"778","CA3610004","SAN BERNARDINO  "
"779","CA2700792","MONTEREY  "
"780","CA1900100","LOS ANGELES  "
"781","CA3205003","PLUMAS  "
"782","CA5500193","TUOLUMNE  "
"783","CA3610062","SAN BERNARDINO  "
"784","CA4900720","SONOMA  "
"785","CA2000530","MADERA  "
"786","CA4810001","SOLANO  "
"787","CA5810001","YUBA  "
"788","CA3301879","RIVERSIDE  "
"789","CA1000554","FRESNO  "
"790","CA4000744","SAN LUIS OBISPO  "
"791","CA4900794","SONOMA  "
"792","CA0310003","AMADOR  "
"793","CA4000202","SAN LUIS OBISPO  "
"794","CA4500007","SHASTA  "
"795","CA4210019","SANTA BARBARA  "
"796","CA1502600","KERN  "
"797","CA1910246","LOS ANGELES  "
"798","CA5610063","VENTURA  "
"799","CA4900560","SONOMA  "
"800","CA4200556","SANTA BARBARA  "
"801","CA4200616","SANTA BARBARA  "
"802","CA1000550","FRESNO  "
"803","CA4810021","SOLANO  "
"804","CA1700549","LAKE  "
"805","CA4900514","SONOMA  "
"806","CA5500124","TUOLUMNE  "
"807","CA3710004","SAN DIEGO  "
"808","CA3010010","ORANGE  "
"809","CA4910002","SONOMA  "
"810","CA3010094","ORANGE  "
"811","CA1503329","KERN  "
"812","CA1510043","KERN  "
"813","CA1710008","LAKE  "
"814","CA1210001","HUMBOLDT  "
"815","CA3610118","SAN BERNARDINO  "
"816","CA0410005","BUTTE  "
"817","CA1500251","KERN  "
"818","CA1010004","FRESNO  "
"819","CA4110009","SAN MATEO  "
"820","CA1200538","HUMBOLDT  "
"821","CA3900813","SAN JOAQUIN  "
"822","CA5200570","TEHAMA  "
"823","CA3700934","SAN DIEGO  "
"824","CA5410041","TULARE  "
"825","CA1210006","HUMBOLDT  "
"826","CA2701670","MONTEREY  "
"827","CA4200870","SANTA BARBARA  "
"828","CA1910026","LOS ANGELES  "
"829","CA1910169","LOS ANGELES  "
"830","CA1000023","FRESNO  "
"831","CA3710013","SAN DIEGO  "
"832","CA5403084","TULARE  "
"833","CA3900805","SAN JOAQUIN  "
"834","CA0707556","CONTRA COSTA  "
"835","CA4900669","SONOMA  "
"836","CA1900843","LOS ANGELES  "
"837","CA3010092","ORANGE  "
"838","CA3010037","ORANGE  "
"839","CA4810025","SOLANO  "
"840","CA4010081","SAN LUIS OBISPO  "
"841","CA4210001","SANTA BARBARA  "
"842","CA5403043","TULARE  "
"843","CA1502653","KERN  "
"844","CA0110006","ALAMEDA  "
"845","CA0510001","CALAVERAS  "
"846","CA2400053","MERCED  "
"847","CA3010046","ORANGE  "
"848","CA4200842","SANTA BARBARA  "
"849","CA1210022","HUMBOLDT  "
"850","CA5602130","VENTURA  "
"851","CA2110007","MARIN  "
"852","CA4200802","SANTA BARBARA  "
"853","CA1000053","FRESNO  "
"854","CA4200804","SANTA BARBARA  "
"855","CA4200827","SANTA BARBARA  "
"856","CA4200862","SANTA BARBARA  "
"857","CA4200848","SANTA BARBARA  "
"858","CA4200891","SANTA BARBARA  "
"859","CA4200807","SANTA BARBARA  "
"860","CA0910012","EL DORADO  "
"861","CA5000058","STANISLAUS  "
"862","CA5000019","STANISLAUS  "
"863","CA5710007","YOLO  "
"864","CA2310013","MENDOCINO  "
"865","CA4901062","SONOMA  "
"866","CA3100029","PLACER  "
"867","CA3701961","SAN DIEGO  "
"868","CA4700513","SISKIYOU  "
"869","CA1502465","KERN  "
"870","CA3600088","SAN BERNARDINO  "
"871","CA4910014","SONOMA  "
"872","CA2710006","MONTEREY  "
"873","CA2600547","MONO  "
"874","CA5201147","TEHAMA  "
"875","CA5010035","STANISLAUS  "
"876","CA4310006","SANTA CLARA  "
"877","CA4010004","SAN LUIS OBISPO  "
"878","CA5500071","TUOLUMNE  "
"879","CA5800821","YUBA  "
"880","CA5700707","YOLO  "
"881","CA0706005","CONTRA COSTA  "
"882","CA3310008","RIVERSIDE  "
"883","CA1010026","FRESNO  "
"884","CA3600008","SAN BERNARDINO  "
"885","CA3600009","SAN BERNARDINO  "
"886","CA3310078","RIVERSIDE  "
"887","CA1300514","IMPERIAL  "
"888","CA3310044","RIVERSIDE  "
"889","CA2000729","MADERA  "
"890","CA2000849","MADERA  "
"891","CA0800548","DEL NORTE  "
"892","CA4900905","SONOMA  "
"893","CA1710006","LAKE  "
"894","CA5610014","VENTURA  "
"895","CA4900510","SONOMA  "
"896","CA3110047","PLACER  "
"897","CA2500503","MODOC  "
"898","CA1700630","LAKE  "
"899","CA3610064","SAN BERNARDINO  "
"900","CA1500152","KERN  "
"901","CA3910019","SAN JOAQUIN  "
"902","CA5400665","TULARE  "
"903","CA2300644","MENDOCINO  "
"904","CA4000637","SAN LUIS OBISPO  "
"905","CA1500436","KERN  "
"906","CA4000214","SAN LUIS OBISPO  "
"907","CA4000771","SAN LUIS OBISPO  "
"908","CA4000749","SAN LUIS OBISPO  "
"909","CA4000523","SAN LUIS OBISPO  "
"910","CA4200693","SANTA BARBARA  "
"911","CA5500041","TUOLUMNE  "
"912","CA3910027","SAN JOAQUIN  "
"913","CA3700936","SAN DIEGO  "
"914","CA2300605","MENDOCINO  "
"915","CA3701837","SAN DIEGO  "
"916","CA3410029","SACRAMENTO  "
"917","CA3410704","SACRAMENTO  "
"918","CA3610109","SAN BERNARDINO  "
"919","CA5601104","VENTURA  "
"920","CA1400111","INYO  "
"921","CA5200551","TEHAMA  "
"922","CA3610038","SAN BERNARDINO  "
"923","CA4400605","SANTA CRUZ  "
"924","CA3610021","SAN BERNARDINO  "
"925","CA3400433","SACRAMENTO  "
"926","CA2701589","MONTEREY  "
"927","CA1010027","FRESNO  "
"928","CA1200729","HUMBOLDT  "
"929","CA4110024","SAN MATEO  "
"930","CA1500556","KERN  "
"931","CA3301018","RIVERSIDE  "
"932","CA1503526","KERN  "
"933","CA4110006","SAN MATEO  "
"934","CA1500553","KERN  "
"935","CA5000014","STANISLAUS  "
"936","CA5610020","VENTURA  "
"937","CA3700073","SAN DIEGO  "
"938","CA2810002","NAPA  "
"939","CA5610005","VENTURA  "
"940","CA2800525","NAPA  "
"941","CA4300573","SANTA CLARA  "
"942","CA0707501","CONTRA COSTA  "
"943","CA0706004","CONTRA COSTA  "
"944","CA0707517","CONTRA COSTA  "
"945","CA5601137","VENTURA  "
"946","CA5601116","VENTURA  "
"947","CA0400078","BUTTE  "
"948","CA0600005","COLUSA  "
"949","CA5602109","VENTURA  "
"950","CA5400710","TULARE  "
"951","CA1910025","LOS ANGELES  "
"952","CA1310002","IMPERIAL  "
"953","CA1100616","GLENN  "
"954","CA1010017","FRESNO  "
"955","CA0110008","ALAMEDA  "
"956","CA4300771","SANTA CLARA  "
"957","CA1010028","FRESNO  "
"958","CA1200701","HUMBOLDT  "
"959","CA0610003","COLUSA  "
"960","CA0510010","CALAVERAS  "
"961","CA1810001","LASSEN  "
"962","CA5303002","TRINITY  "
"963","CA2701279","MONTEREY  "
"964","CA0707615","CONTRA COSTA  "
"965","CA3600397","SAN BERNARDINO  "
"966","CA1910143","LOS ANGELES  "
"967","CA4910012","SONOMA  "
"968","CA5610068","VENTURA  "
"969","CA5000067","STANISLAUS  "
"970","CA1910040","LOS ANGELES  "
"971","CA4900647","SONOMA  "
"972","CA4210011","SANTA BARBARA  "
"973","CA2010003","MADERA  "
"974","CA5200560","TEHAMA  "
"975","CA4500013","SHASTA  "
"976","CA0707507","CONTRA COSTA  "
"977","CA3100038","PLACER  "
"978","CA3310037","RIVERSIDE  "
"979","CA5403113","TULARE  "
"980","CA4400645","SANTA CRUZ  "
"981","CA4210018","SANTA BARBARA  "
"982","CA3200188","PLUMAS  "
"983","CA3310019","RIVERSIDE  "
"984","CA0707603","CONTRA COSTA  "
"985","CA4900721","SONOMA  "
"986","CA4200714","SANTA BARBARA  "
"987","CA4910003","SONOMA  "
"988","CA4200678","SANTA BARBARA  "
"989","CA4010024","SAN LUIS OBISPO  "
"990","CA3301502","RIVERSIDE  "
"991","CA3610032","SAN BERNARDINO  "
"992","CA1000551","FRESNO  "
"993","CA3310080","RIVERSIDE  "
"994","CA1900721","LOS ANGELES  "
"995","CA0600012","COLUSA  "
"996","CA2910014","NEVADA  "
"997","CA3610036","SAN BERNARDINO  "
"998","CA1210013","HUMBOLDT  "
"999","CA3210003","PLUMAS  "
"1000","CA0410003","BUTTE  "
"1001","CA0300016","AMADOR  "
"1002","CA0410004","BUTTE  "
"1003","CA2000533","MADERA  "
"1004","CA3301381","RIVERSIDE  "
"1005","CA1300572","IMPERIAL  "
"1006","CA1000259","FRESNO  "
"1007","CA4500101","SHASTA  "
"1008","CA0400040","BUTTE  "
"1009","CA0400030","BUTTE  "
"1010","CA4900553","SONOMA  "
"1011","CA3301107","RIVERSIDE  "
"1012","CA1000075","FRESNO  "
"1013","CA4900901","SONOMA  "
"1014","CA0707588","CONTRA COSTA  "
"1015","CA2701278","MONTEREY  "
"1016","CA1910249","LOS ANGELES  "
"1017","CA3110042","PLACER  "
"1018","CA3200510","PLUMAS  "
"1019","CA2300892","MENDOCINO  "
"1020","CA1010034","FRESNO  "
"1021","CA4901309","SONOMA  "
"1022","CA1700502","LAKE  "
"1023","CA2800528","NAPA  "
"1024","CA1900130","LOS ANGELES  "
"1025","CA2910006","NEVADA  "
"1026","CA2000561","MADERA  "
"1027","CA3910014","SAN JOAQUIN  "
"1028","CA4900846","SONOMA  "
"1029","CA1210023","HUMBOLDT  "
"1030","CA3610125","SAN BERNARDINO  "
"1031","CA4910005","SONOMA  "
"1032","CA4510009","SHASTA  "
"1033","CA3200189","PLUMAS  "
"1034","CA5010006","STANISLAUS  "
"1035","CA5010023","STANISLAUS  "
"1036","CA4200578","SANTA BARBARA  "
"1037","CA1502750","KERN  "
"1038","CA1500231","KERN  "
"1039","CA2702554","MONTEREY  "
"1040","CA3900504","SAN JOAQUIN  "
"1041","CA3701995","SAN DIEGO  "
"1042","CA2700663","MONTEREY  "
"1043","CA4900850","SONOMA  "
"1044","CA3900842","SAN JOAQUIN  "
"1045","CA3900719","SAN JOAQUIN  "
"1046","CA1900154","LOS ANGELES  "
"1047","CA1900803","LOS ANGELES  "
"1048","CA3700918","SAN DIEGO  "
"1049","CA3400164","SACRAMENTO  "
"1050","CA3900983","SAN JOAQUIN  "
"1051","CA2700548","MONTEREY  "
"1052","CA3900831","SAN JOAQUIN  "
"1053","CA1310006","IMPERIAL  "
"1054","CA3700938","SAN DIEGO  "
"1055","CA2310008","MENDOCINO  "
"1056","CA1200566","HUMBOLDT  "
"1057","CA1100254","GLENN  "
"1058","CA5610023","VENTURA  "
"1059","CA2600622","MONO  "
"1060","CA1910091","LOS ANGELES  "
"1061","CA5610007","VENTURA  "
"1062","CA4810009","SOLANO  "
"1063","CA3110029","PLACER  "
"1064","CA4000554","SAN LUIS OBISPO  "
"1065","CA0110003","ALAMEDA  "
"1066","CA1500543","KERN  "
"1067","CA2000724","MADERA  "
"1068","CA1510002","KERN  "
"1069","CA4000775","SAN LUIS OBISPO  "
"1070","CA5602140","VENTURA  "
"1071","CA1510031","KERN  "
"1072","CA1710005","LAKE  "
"1073","CA4900641","SONOMA  "
"1074","CA3610121","SAN BERNARDINO  "
"1075","CA1510026","KERN  "
"1076","CA2000851","MADERA  "
"1077","CA5200007","TEHAMA  "
"1078","CA1310005","IMPERIAL  "
"1079","CA3301800","RIVERSIDE  "
"1080","CA5000082","STANISLAUS  "
"1081","CA5000080","STANISLAUS  "
"1082","CA3400331","SACRAMENTO  "
"1083","CA5410016","TULARE  "
"1084","CA0510012","CALAVERAS  "
"1085","CA5602104","VENTURA  "
"1086","CA5610017","VENTURA  "
"1087","CA1500336","KERN  "
"1088","CA3900505","SAN JOAQUIN  "
"1089","CA2702094","MONTEREY  "
"1090","CA1500483","KERN  "
"1091","CA3301529","RIVERSIDE  "
"1092","CA2700838","MONTEREY  "
"1093","CA2702439","MONTEREY  "
"1094","CA2000544","MADERA  "
"1095","CA4900892","SONOMA  "
"1096","CA4900584","SONOMA  "
"1097","CA4900559","SONOMA  "
"1098","CA2310012","MENDOCINO  "
"1099","CA1010049","FRESNO  "
"1100","CA5200571","TEHAMA  "
"1101","CA3600391","SAN BERNARDINO  "
"1102","CA5200575","TEHAMA  "
"1103","CA0900308","EL DORADO  "
"1104","CA5200588","TEHAMA  "
"1105","CA0910019","EL DORADO  "
"1106","CA3107339","PLACER  "
"1107","CA4500255","SHASTA  "
"1108","CA3500836","SAN BENITO  "
"1109","CA5400666","TULARE  "
"1110","CA4900612","SONOMA  "
"1111","CA2300634","MENDOCINO  "
"1112","CA3900964","SAN JOAQUIN  "
"1113","CA5200546","TEHAMA  "
"1114","CA1400066","INYO  "
"1115","CA2000692","MADERA  "
"1116","CA4900723","SONOMA  "
"1117","CA4010009","SAN LUIS OBISPO  "
"1118","CA3310004","RIVERSIDE  "
"1119","CA0400042","BUTTE  "
"1120","CA5010031","STANISLAUS  "
"1121","CA2010001","MADERA  "
"1122","CA4810005","SOLANO  "
"1123","CA5410020","TULARE  "
"1124","CA3910011","SAN JOAQUIN  "
"1125","CA4310004","SANTA CLARA  "
"1126","CA5200558","TEHAMA  "
"1127","CA2700799","MONTEREY  "
"1128","CA5200645","TEHAMA  "
"1129","CA1910035","LOS ANGELES  "
"1130","CA4710009","SISKIYOU  "
"1131","CA3010069","ORANGE  "
"1132","CA4510008","SHASTA  "
"1133","CA4700546","SISKIYOU  "
"1134","CA1700606","LAKE  "
"1135","CA3910022","SAN JOAQUIN  "
"1136","CA3900637","SAN JOAQUIN  "
"1137","CA3710016","SAN DIEGO  "
"1138","CA3900664","SAN JOAQUIN  "
"1139","CA2701263","MONTEREY  "
"1140","CA3900701","SAN JOAQUIN  "
"1141","CA3900705","SAN JOAQUIN  "
"1142","CA4110016","SAN MATEO  "
"1143","CA2010010","MADERA  "
"1144","CA5410012","TULARE  "
"1145","CA3901114","SAN JOAQUIN  "
"1146","CA5400670","TULARE  "
"1147","CA5400536","TULARE  "
"1148","CA5310002","TRINITY  "
"1149","CA3010008","ORANGE  "
"1150","CA3010101","ORANGE  "
"1151","CA1000244","FRESNO  "
"1152","CA5610058","VENTURA  "
"1153","CA4110023","SAN MATEO  "
"1154","CA2300507","MENDOCINO  "
"1155","CA1200547","HUMBOLDT  "
"1156","CA3110001","PLACER  "
"1157","CA3901474","SAN JOAQUIN  "
"1158","CA1910108","LOS ANGELES  "
"1159","CA1000471","FRESNO  "
"1160","CA3600107","SAN BERNARDINO  "
"1161","CA3610082","SAN BERNARDINO  "
"1162","CA1910063","LOS ANGELES  "
"1163","CA3310040","RIVERSIDE  "
"1164","CA3610023","SAN BERNARDINO  "
"1165","CA2710023","MONTEREY  "
"1166","CA3610033","SAN BERNARDINO  "
"1167","CA3600071","SAN BERNARDINO  "
"1168","CA1910159","LOS ANGELES  "
"1169","CA3610003","SAN BERNARDINO  "
"1170","CA3600301","SAN BERNARDINO  "
"1171","CA3710019","SAN DIEGO  "
"1172","CA4110017","SAN MATEO  "
"1173","CA4300526","SANTA CLARA  "
"1174","CA4300517","SANTA CLARA  "
"1175","CA3910009","SAN JOAQUIN  "
"1176","CA4400618","SANTA CRUZ  "
"1177","CA4300577","SANTA CLARA  "
"1178","CA4910016","SONOMA  "
"1179","CA4000716","SAN LUIS OBISPO  "
"1180","CA3000825","ORANGE  "
"1181","CA4000200","SAN LUIS OBISPO  "
"1182","CA5410025","TULARE  "
"1183","CA2700713","MONTEREY  "
"1184","CA2701740","MONTEREY  "
"1185","CA5210004","TEHAMA  "
"1186","CA5500040","TUOLUMNE  "
"1187","CA5500042","TUOLUMNE  "
"1188","CA1910038","LOS ANGELES  "
"1189","CA3710039","SAN DIEGO  "
"1190","CA4900561","SONOMA  "
"1191","CA1910124","LOS ANGELES  "
"1192","CA4900736","SONOMA  "
"1193","CA3600089","SAN BERNARDINO  "
"1194","CA3700962","SAN DIEGO  "
"1195","CA4000649","SAN LUIS OBISPO  "
"1196","CA5710001","YOLO  "
"1197","CA1910205","LOS ANGELES  "
"1198","CA3700905","SAN DIEGO  "
"1199","CA3010001","ORANGE  "
"1200","CA1910019","LOS ANGELES  "
"1201","CA1900785","LOS ANGELES  "
"1202","CA1900794","LOS ANGELES  "
"1203","CA1910066","LOS ANGELES  "
"1204","CA1910105","LOS ANGELES  "
"1205","CA3310020","RIVERSIDE  "
"1206","CA1910134","LOS ANGELES  "
"1207","CA4810010","SOLANO  "
"1208","CA4900545","SONOMA  "
"1209","CA4500082","SHASTA  "
"1210","CA2010009","MADERA  "
"1211","CA4900674","SONOMA  "
"1212","CA3900732","SAN JOAQUIN  "
"1213","CA3600306","SAN BERNARDINO  "
"1214","CA1400070","INYO  "
"1215","CA2600532","MONO  "
"1216","CA1910173","LOS ANGELES  "
"1217","CA1310007","IMPERIAL  "
"1218","CA4500317","SHASTA  "
"1219","CA1900767","LOS ANGELES  "
"1220","CA2000595","MADERA  "
"1221","CA0400020","BUTTE  "
"1222","CA3610037","SAN BERNARDINO  "
"1223","CA2000589","MADERA  "
"1224","CA3610018","SAN BERNARDINO  "
"1225","CA5410048","TULARE  "
"1226","CA3610046","SAN BERNARDINO  "
"1227","CA5400968","TULARE  "
"1228","CA1600507","KINGS  "
"1229","CA2000554","MADERA  "
"1230","CA5400880","TULARE  "
"1231","CA3710036","SAN DIEGO  "
"1232","CA4500066","SHASTA  "
"1233","CA2701888","MONTEREY  "
"1234","CA5800572","YUBA  "
"1235","CA2000690","MADERA  "
"1236","CA2000506","MADERA  "
"1237","CA2000293","MADERA  "
"1238","CA2210906","MARIPOSA  "
"1239","CA2000529","MADERA  "
"1240","CA1610009","KINGS  "
"1241","CA1206002","HUMBOLDT  "
"1242","CA1300513","IMPERIAL  "
"1243","CA4700503","SISKIYOU  "
"1244","CA3100011","PLACER  "
"1245","CA3910010","SAN JOAQUIN  "
"1246","CA1910200","LOS ANGELES  "
"1247","CA3110034","PLACER  "
"1248","CA1500599","KERN  "
"1249","CA3010100","ORANGE  "
"1250","CA1500314","KERN  "
"1251","CA1210002","HUMBOLDT  "
"1252","CA2702374","MONTEREY  "
"1253","CA4900532","SONOMA  "
"1254","CA1900537","LOS ANGELES  "
"1255","CA3600031","SAN BERNARDINO  "
"1256","CA4900640","SONOMA  "
"1257","CA2700686","MONTEREY  "
"1258","CA4010002","SAN LUIS OBISPO  "
"1259","CA2010005","MADERA  "
"1260","CA0103041","ALAMEDA  "
"1261","CA3900702","SAN JOAQUIN  "
"1262","CA2210905","MARIPOSA  "
"1263","CA5500053","TUOLUMNE  "
"1264","CA4900513","SONOMA  "
"1265","CA4900549","SONOMA  "
"1266","CA5304109","TRINITY  "
"1267","CA1510042","KERN  "
"1268","CA4901221","SONOMA  "
"1269","CA3500549","SAN BENITO  "
"1270","CA3301114","RIVERSIDE  "
"1271","CA1000484","FRESNO  "
"1272","CA5301002","TRINITY  "
"1273","CA3301534","RIVERSIDE  "
"1274","CA3810011","SAN FRANCISCO  "
"1275","CA1400010","INYO  "
"1276","CA2410001","MERCED  "
"1277","CA1500489","KERN  "
"1278","CA0410007","BUTTE  "
"1279","CA4710006","SISKIYOU  "
"1280","CA5000017","STANISLAUS  "
"1281","CA1900649","LOS ANGELES  "
"1282","CA0110005","ALAMEDA  "
"1283","CA5810005","YUBA  "
"1284","CA5403110","TULARE  "
"1285","CA4900551","SONOMA  "
"1286","CA4900639","SONOMA  "
"1287","CA5610024","VENTURA  "
"1288","CA3200078","PLUMAS  "
"1289","CA4500015","SHASTA  "
"1290","CA3700074","SAN DIEGO  "
"1291","CA4300516","SANTA CLARA  "
"1292","CA4500210","SHASTA  "
"1293","CA4300542","SANTA CLARA  "
"1294","CA0310018","AMADOR  "
"1295","CA4800589","SOLANO  "
"1296","CA3400191","SACRAMENTO  "
"1297","CA4010015","SAN LUIS OBISPO  "
"1298","CA2910011","NEVADA  "
"1299","CA1400002","INYO  "
"1300","CA2300743","MENDOCINO  "
"1301","CA1400056","INYO  "
"1302","CA1010006","FRESNO  "
"1303","CA1910056","LOS ANGELES  "
"1304","CA1910099","LOS ANGELES  "
"1305","CA5000055","STANISLAUS  "
"1306","CA3610041","SAN BERNARDINO  "
"1307","CA5400567","TULARE  "
"1308","CA1400030","INYO  "
"1309","CA2410012","MERCED  "
"1310","CA2310007","MENDOCINO  "
"1311","CA0202522","ALPINE  "
"1312","CA4410018","SANTA CRUZ  "
"1313","CA0707598","CONTRA COSTA  "
"1314","CA4900558","SONOMA  "
"1315","CA4500014","SHASTA  "
"1316","CA5000237","STANISLAUS  "
"1317","CA5601119","VENTURA  "
"1318","CA4910007","SONOMA  "
"1319","CA4010008","SAN LUIS OBISPO  "
"1320","CA4500006","SHASTA  "
"1321","CA4500022","SHASTA  "
"1322","CA4800753","SOLANO  "
"1323","CA4800564","SOLANO  "
"1324","CA5510016","TUOLUMNE  "
"1325","CA4210004","SANTA BARBARA  "
"1326","CA1100237","GLENN  "
"1327","CA1710007","LAKE  "
"1328","CA4700626","SISKIYOU  "
"1329","CA2300705","MENDOCINO  "
"1330","CA5010009","STANISLAUS  "
"1331","CA1100711","GLENN  "
"1332","CA1310001","IMPERIAL  "
"1333","CA0707575","CONTRA COSTA  "
"1334","CA1200671","HUMBOLDT  "
"1335","CA2000549","MADERA  "
"1336","CA1710010","LAKE  "
"1337","CA5500077","TUOLUMNE  "
"1338","CA4410013","SANTA CRUZ  "
"1339","CA3600166","SAN BERNARDINO  "
"1340","CA3610112","SAN BERNARDINO  "
"1341","CA1400144","INYO  "
"1342","CA3010017","ORANGE  "
"1343","CA3710005","SAN DIEGO  "
"1344","CA3500825","SAN BENITO  "
"1345","CA4700638","SISKIYOU  "
"1346","CA0400051","BUTTE  "
"1347","CA3500904","SAN BENITO  "
"1348","CA3500912","SAN BENITO  "
"1349","CA3500911","SAN BENITO  "
"1350","CA4110012","SAN MATEO  "
"1351","CA4900665","SONOMA  "
"1352","CA1700584","LAKE  "
"1353","CA1500466","KERN  "
"1354","CA2400084","MERCED  "
"1355","CA5410015","TULARE  "
"1356","CA1000405","FRESNO  "
"1357","CA4710008","SISKIYOU  "
"1358","CA1010044","FRESNO  "
"1359","CA2000538","MADERA  "
"1360","CA2701515","MONTEREY  "
"1361","CA3901092","SAN JOAQUIN  "
"1362","CA3900607","SAN JOAQUIN  "
"1363","CA5100112","SUTTER  "
"1364","CA1000018","FRESNO  "
"1365","CA5610022","VENTURA  "
"1366","CA4400582","SANTA CRUZ  "
"1367","CA1000069","FRESNO  "
"1368","CA3100041","PLACER  "
"1369","CA3900561","SAN JOAQUIN  "
"1370","CA3900568","SAN JOAQUIN  "
"1371","CA1700568","LAKE  "
"1372","CA2300502","MENDOCINO  "
"1373","CA0707613","CONTRA COSTA  "
"1374","CA4710010","SISKIYOU  "
"1375","CA4500246","SHASTA  "
"1376","CA0400151","BUTTE  "
"1377","CA0400007","BUTTE  "
"1378","CA3310082","RIVERSIDE  "
"1379","CA1210017","HUMBOLDT  "
"1380","CA1300575","IMPERIAL  "
"1381","CA5400682","TULARE  "
"1382","CA2310006","MENDOCINO  "
"1383","CA3910007","SAN JOAQUIN  "
"1384","CA3910008","SAN JOAQUIN  "
"1385","CA2600699","MONO  "
"1386","CA2900548","NEVADA  "
"1387","CA4900644","SONOMA  "
"1388","CA2900511","NEVADA  "
"1389","CA2110004","MARIN  "
"1390","CA1710021","LAKE  "
"1391","CA3000519","ORANGE  "
"1392","CA3000585","ORANGE  "
"1393","CA2000502","MADERA  "
"1394","CA3600297","SAN BERNARDINO  "
"1395","CA5301103","TRINITY  "
"1396","CA2700612","MONTEREY  "
"1397","CA3010027","ORANGE  "
"1398","CA5301010",NA
"1399","CA4710013","SISKIYOU  "
"1400","CA4700884","SISKIYOU  "
"1401","CA3610013","SAN BERNARDINO  "
"1402","CA5010042","STANISLAUS  "
"1403","CA1410001","INYO  "
"1404","CA3900523","SAN JOAQUIN  "
"1405","CA5410017","TULARE  "
"1406","CA1910160","LOS ANGELES  "
"1407","CA5010033","STANISLAUS  "
"1408","CA5400544","TULARE  "
"1409","CA5400824","TULARE  "
"1410","CA1503475","KERN  "
"1411","CA2701800","MONTEREY  "
"1412","CA1610004","KINGS  "
"1413","CA5402048","TULARE  "
"1414","CA2700634","MONTEREY  "
"1415","CA3900649","SAN JOAQUIN  "
"1416","CA2100519","MARIN  "
"1417","CA1000257","FRESNO  "
"1418","CA4100510","SAN MATEO  "
"1419","CA3901113","SAN JOAQUIN  "
"1420","CA2000521","MADERA  "
"1421","CA1500535","KERN  "
"1422","CA1900145","LOS ANGELES  "
"1423","CA3900991","SAN JOAQUIN  "
"1424","CA1900809","LOS ANGELES  "
"1425","CA0410009","BUTTE  "
"1426","CA5400616","TULARE  "
"1427","CA4010014","SAN LUIS OBISPO  "
"1428","CA3600070","SAN BERNARDINO  "
"1429","CA5710004","YOLO  "
"1430","CA1010003","FRESNO  "
"1431","CA4600018","SIERRA  "
"1432","CA4810004","SOLANO  "
"1433","CA2410004","MERCED  "
"1434","CA1200541","HUMBOLDT  "
"1435","CA2000557","MADERA  "
"1436","CA1510020","KERN  "
"1437","CA4901246","SONOMA  "
"1438","CA4700549","SISKIYOU  "
"1439","CA1400099","INYO  "
"1440","CA4500081","SHASTA  "
"1441","CA1700610","LAKE  "
"1442","CA1700592","LAKE  "
"1443","CA0110012","ALAMEDA  "
"1444","CA4900563","SONOMA  "
"1445","CA4200800","SANTA BARBARA  "
"1446","CA4910011","SONOMA  "
"1447","CA5602117","VENTURA  "
"1448","CA2700665","MONTEREY  "
"1449","CA1700561","LAKE  "
"1450","CA5610043","VENTURA  "
"1451","CA1210008","HUMBOLDT  "
"1452","CA3400121","SACRAMENTO  "
"1453","CA3400335","SACRAMENTO  "
"1454","CA3900762","SAN JOAQUIN  "
"1455","CA3410017","SACRAMENTO  "
"1456","CA3400401","SACRAMENTO  "
"1457","CA3410033","SACRAMENTO  "
"1458","CA3400156","SACRAMENTO  "
"1459","CA1100203","GLENN  "
"1460","CA5010039","STANISLAUS  "
"1461","CA2610005","MONO  "
"1462","CA3410006","SACRAMENTO  "
"1463","CA3301011","RIVERSIDE  "
"1464","CA3103310","PLACER  "
"1465","CA2300545","MENDOCINO  "
"1466","CA4400665","SANTA CRUZ  "
"1467","CA0410011","BUTTE  "
"1468","CA1210009","HUMBOLDT  "
"1469","CA4110007","SAN MATEO  "
"1470","CA4110019","SAN MATEO  "
"1471","CA4110020","SAN MATEO  "
"1472","CA4710003","SISKIYOU  "
"1473","CA4710002","SISKIYOU  "
"1474","CA1000426","FRESNO  "
"1475","CA3100040","PLACER  "
"1476","CA3610085","SAN BERNARDINO  "
"1477","CA5700554","YOLO  "
"1478","CA1900146","LOS ANGELES  "
"1479","CA1010023","FRESNO  "
"1480","CA4110027","SAN MATEO  "
"1481","CA3610034","SAN BERNARDINO  "
"1482","CA3301541","RIVERSIDE  "
"1483","CA3600012","SAN BERNARDINO  "
"1484","CA1700674","LAKE  "
"1485","CA2300667","MENDOCINO  "
"1486","CA1800511","LASSEN  "
"1487","CA1910062","LOS ANGELES  "
"1488","CA2701701","MONTEREY  "
"1489","CA3710012","SAN DIEGO  "
"1490","CA4010006","SAN LUIS OBISPO  "
"1491","CA3400155","SACRAMENTO  "
"1492","CA1910154","LOS ANGELES  "
"1493","CA1910189","LOS ANGELES  "
"1494","CA3500581","SAN BENITO  "
"1495","CA0707585","CONTRA COSTA  "
"1496","CA0707589","CONTRA COSTA  "
"1497","CA4910025","SONOMA  "
"1498","CA4600012","SIERRA  "
"1499","CA1010051","FRESNO  "
"1500","CA3500575","SAN BENITO  "
"1501","CA3901348","SAN JOAQUIN  "
"1502","CA1206004","HUMBOLDT  "
"1503","CA3310007","RIVERSIDE  "
"1504","CA3900714","SAN JOAQUIN  "
"1505","CA3400149","SACRAMENTO  "
"1506","CA1910149","LOS ANGELES  "
"1507","CA1510018","KERN  "
"1508","CA5800924","YUBA  "
"1509","CA1200587","HUMBOLDT  "
"1510","CA1502564","KERN  "
"1511","CA1400109","INYO  "
"1512","CA1610006","KINGS  "
"1513","CA1900801","LOS ANGELES  "
"1514","CA1710011","LAKE  "
"1515","CA2710018","MONTEREY  "
"1516","CA1510027","KERN  "
"1517","CA0707572","CONTRA COSTA  "
"1518","CA1000041","FRESNO  "
"1519","CA5301201","TRINITY  "
"1520","CA1900055","LOS ANGELES  "
"1521","CA1000042","FRESNO  "
"1522","CA3301937","RIVERSIDE  "
"1523","CA1210016","HUMBOLDT  "
"1524","CA2400128","MERCED  "
"1525","CA1700609","LAKE  "
"1526","CA2210901","MARIPOSA  "
"1527","CA4300543","SANTA CLARA  "
"1528","CA4110025","SAN MATEO  "
"1529","CA3900579","SAN JOAQUIN  "
"1530","CA1910061","LOS ANGELES  "
"1531","CA0210001","ALPINE  "
"1532","CA0800825","DEL NORTE  "
"1533","CA2300668","MENDOCINO  "
"1534","CA1300629","IMPERIAL  "
"1535","CA2700674","MONTEREY  "
"1536","CA0110016","ALAMEDA  "
"1537","CA1400024",NA
"1538","CA4900568","SONOMA  "
"1539","CA1000057","FRESNO  "
"1540","CA3400125","SACRAMENTO  "
"1541","CA1200501","HUMBOLDT  "
"1542","CA5400940","TULARE  "
"1543","CA3900512","SAN JOAQUIN  "
"1544","CA1400031","INYO  "
"1545","CA4900533","SONOMA  "
"1546","CA4900552","SONOMA  "
"1547","CA3900682","SAN JOAQUIN  "
"1548","CA3110028","PLACER  "
"1549","CA3200127","PLUMAS  "
"1550","CA0400149","BUTTE  "
"1551","CA3400128","SACRAMENTO  "
"1552","CA5800820","YUBA  "
"1553","CA0800555","DEL NORTE  "
"1554","CA3610093","SAN BERNARDINO  "
"1555","CA5500128","TUOLUMNE  "
"1556","CA5800827","YUBA  "
"1557","CA3900733","SAN JOAQUIN  "
"1558","CA2701956","MONTEREY  "
"1559","CA1900936","LOS ANGELES  "
"1560","CA1710018","LAKE  "
"1561","CA4300578","SANTA CLARA  "
"1562","CA5101009","SUTTER  "
"1563","CA4900611","SONOMA  "
"1564","CA3910017","SAN JOAQUIN  "
"1565","CA5010005","STANISLAUS  "
"1566","CA1200706","HUMBOLDT  "
"1567","CA5400550","TULARE  "
"1568","CA1500349","KERN  "
"1569","CA2800521","NAPA  "
"1570","CA5500125","TUOLUMNE  "
"1571","CA3301535","RIVERSIDE  "
"1572","CA2300832","MENDOCINO  "
"1573","CA2010006","MADERA  "
"1574","CA2310004","MENDOCINO  "
"1575","CA2000728","MADERA  "
"1576","CA5410003","TULARE  "
"1577","CA1200643","HUMBOLDT  "
"1578","CA5400732","TULARE  "
"1579","CA1900102","LOS ANGELES  "
"1580","CA2700731","MONTEREY  "
"1581","CA4900675","SONOMA  "
"1582","CA3500579","SAN BENITO  "
"1583","CA1800524","LASSEN  "
"1584","CA2310001","MENDOCINO  "
"1585","CA4510006","SHASTA  "
"1586","CA3710011","SAN DIEGO  "
"1587","CA3910015","SAN JOAQUIN  "
"1588","CA1900523","LOS ANGELES  "
"1589","CA2000775","MADERA  "
"1590","CA2000527","MADERA  "
"1591","CA5700571","YOLO  "
"1592","CA1910081","LOS ANGELES  "
"1593","CA3610025","SAN BERNARDINO  "
"1594","CA1909006","LOS ANGELES  "
"1595","CA1500557","KERN  "
"1596","CA1500555","KERN  "
"1597","CA2010004","MADERA  "
"1598","CA1500593","KERN  "
"1599","CA3010073","ORANGE  "
"1600","CA3710023","SAN DIEGO  "
"1601","CA4010003","SAN LUIS OBISPO  "
"1602","CA5000049","STANISLAUS  "
"1603","CA2700509","MONTEREY  "
"1604","CA4500219","SHASTA  "
"1605","CA4901381","SONOMA  "
"1606","CA1510056","KERN  "
"1607","CA0410002","BUTTE  "
"1608","CA5610006","VENTURA  "
"1609","CA2701929","MONTEREY  "
"1610","CA1500374","KERN  "
"1611","CA5410036","TULARE  "
"1612","CA1110002","GLENN  "
"1613","CA1510012","KERN  "
"1614","CA1300616","IMPERIAL  "
"1615","CA3901074","SAN JOAQUIN  "
"1616","CA5010021","STANISLAUS  "
"1617","CA4900832","SONOMA  "
"1618","CA2300591","MENDOCINO  "
"1619","CA0510002","CALAVERAS  "
"1620","CA3810702","SAN FRANCISCO  "
"1621","CA2300663","MENDOCINO  "
"1622","CA3900558","SAN JOAQUIN  "
"1623","CA0710008","CONTRA COSTA  "
"1624","CA2300604","MENDOCINO  "
"1625","CA1500585","KERN  "
"1626","CA3701341","SAN DIEGO  "
"1627","CA1700589","LAKE  "
"1628","CA4900548","SONOMA  "
"1629","CA4010005","SAN LUIS OBISPO  "
"1630","CA0900102","EL DORADO  "
"1631","CA3710009","SAN DIEGO  "
"1632","CA1900817","LOS ANGELES  "
"1633","CA1610001","KINGS  "
"1634","CA2700503","MONTEREY  "
"1635","CA1210021","HUMBOLDT  "
"1636","CA1200588","HUMBOLDT  "
"1637","CA1010021","FRESNO  "
"1638","CA0400021","BUTTE  "
"1639","CA2701935","MONTEREY  "
"1640","CA1310013","IMPERIAL  "
"1641","CA2000524","MADERA  "
"1642","CA0310002","AMADOR  "
"1643","CA3610031","SAN BERNARDINO  "
"1644","CA2701355","MONTEREY  "
"1645","CA1510004","KERN  "
"1646","CA3110051","PLACER  "
"1647","CA5200503","TEHAMA  "
"1648","CA5400819","TULARE  "
"1649","CA2701503","MONTEREY  "
"1650","CA2702466","MONTEREY  "
"1651","CA1700536","LAKE  "
"1652","CA4400595","SANTA CRUZ  "
"1653","CA2701570","MONTEREY  "
"1654","CA4410010","SANTA CRUZ  "
"1655","CA3200195","PLUMAS  "
"1656","CA3910002","SAN JOAQUIN  "
"1657","CA4600017","SIERRA  "
"1658","CA4600056","SIERRA  "
"1659","CA1200592","HUMBOLDT  "
"1660","CA3210007","PLUMAS  "
"1661","CA2702026","MONTEREY  "
"1662","CA2410002","MERCED  "
"1663","CA2700656","MONTEREY  "
"1664","CA1910127","LOS ANGELES  "
"1665","CA1910101","LOS ANGELES  "
"1666","CA5602103","VENTURA  "
"1667","CA4100555","SAN MATEO  "
"1668","CA5510004","TUOLUMNE  "
"1669","CA3301877","RIVERSIDE  "
"1670","CA2310009","MENDOCINO  "
"1671","CA2702055","MONTEREY  "
"1672","CA4710001","SISKIYOU  "
"1673","CA3710029","SAN DIEGO  "
"1674","CA3410047","SACRAMENTO  "
"1675","CA4910024","SONOMA  "
"1676","CA2010012","MADERA  "
"1677","CA4500098","SHASTA  "
"1678","CA0400019","BUTTE  "
"1679","CA4900580","SONOMA  "
"1680","CA2010013","MADERA  "
"1681","CA2010014","MADERA  "
"1682","CA2701257","MONTEREY  "
"1683","CA2702004","MONTEREY  "
"1684","CA5610010","VENTURA  "
"1685","CA4900797","SONOMA  "
"1686","CA0800605","DEL NORTE  "
"1687","CA1010055","FRESNO  "
"1688","CA4010010","SAN LUIS OBISPO  "
"1689","CA1900301","LOS ANGELES  "
"1690","CA0110009","ALAMEDA  "
"1691","CA0900300","EL DORADO  "
"1692","CA1400007","INYO  "
"1693","CA4700531","SISKIYOU  "
"1694","CA3901081","SAN JOAQUIN  "
"1695","CA1710012","LAKE  "
"1696","CA0510003","CALAVERAS  "
"1697","CA2500801","MODOC  "
"1698","CA4700630","SISKIYOU  "
"1699","CA2400167","MERCED  "
"1700","CA5700712","YOLO  "
"1701","CA2800527","NAPA  "
"1702","CA3410005","SACRAMENTO  "
"1703","CA0500019","CALAVERAS  "
"1704","CA3410031","SACRAMENTO  "
"1705","CA0300037","AMADOR  "
"1706","CA3301169","RIVERSIDE  "
"1707","CA1910244","LOS ANGELES  "
"1708","CA3600114","SAN BERNARDINO  "
"1709","CA2700586","MONTEREY  "
"1710","CA3301031","RIVERSIDE  "
"1711","CA5000099","STANISLAUS  "
"1712","CA2702608","MONTEREY  "
"1713","CA1900913","LOS ANGELES  "
"1714","CA3400122","SACRAMENTO  "
"1715","CA5500064","TUOLUMNE  "
"1716","CA3700866","SAN DIEGO  "
"1717","CA3410022","SACRAMENTO  "
"1718","CA4500104","SHASTA  "
"1719","CA5200014","TEHAMA  "
"1720","CA3710041","SAN DIEGO  "
"1721","CA3200509","PLUMAS  "
"1722","CA1910001","LOS ANGELES  "
"1723","CA0202503","ALPINE  "
"1724","CA4000705","SAN LUIS OBISPO  "
"1725","CA3400103","SACRAMENTO  "
"1726","CA5403212","TULARE  "
"1727","CA4210009","SANTA BARBARA  "
"1728","CA1910140","LOS ANGELES  "
"1729","CA4010019","SAN LUIS OBISPO  "
"1730","CA1500544","KERN  "
"1731","CA1910085","LOS ANGELES  "
"1732","CA4200733","SANTA BARBARA  "
"1733","CA4200612","SANTA BARBARA  "
"1734","CA4400652","SANTA CRUZ  "
"1735","CA4700880","SISKIYOU  "
"1736","CA5601105","VENTURA  "
"1737","CA2000511","MADERA  "
"1738","CA4400684","SANTA CRUZ  "
"1739","CA5200562","TEHAMA  "
"1740","CA0400155","BUTTE  "
"1741","CA2702409","MONTEREY  "
"1742","CA0405001","BUTTE  "
"1743","CA2410007","MERCED  "
"1744","CA3301717","RIVERSIDE  "
"1745","CA5800824","YUBA  "
"1746","CA1500493","KERN  "
"1747","CA0202504","ALPINE  "
"1748","CA4500012","SHASTA  "
"1749","CA3210009","PLUMAS  "
"1750","CA2300596","MENDOCINO  "
"1751","CA5410006","TULARE  "
"1752","CA3310026","RIVERSIDE  "
"1753","CA2610004","MONO  "
"1754","CA4510011","SHASTA  "
"1755","CA2702256","MONTEREY  "
"1756","CA2800543","NAPA  "
"1757","CA2702148","MONTEREY  "
"1758","CA5601117","VENTURA  "
"1759","CA2600501","MONO  "
"1760","CA3600785","SAN BERNARDINO  "
"1761","CA2600538","MONO  "
"1762","CA2600621","MONO  "
"1763","CA3700071","SAN DIEGO  "
"1764","CA3710026","SAN DIEGO  "
"1765","CA2610002","MONO  "
"1766","CA2800530","NAPA  "
"1767","CA5800828","YUBA  "
"1768","CA1502619","KERN  "
"1769","CA3610001","SAN BERNARDINO  "
"1770","CA5200012","TEHAMA  "
"1771","CA5200555","TEHAMA  "
"1772","CA5200547","TEHAMA  "
"1773","CA3900722","SAN JOAQUIN  "
"1774","CA2700787","MONTEREY  "
"1775","CA5301017","TRINITY  "
"1776","CA1210015","HUMBOLDT  "
"1777","CA4500102","SHASTA  "
"1778","CA5310001","TRINITY  "
"1779","CA3700422","SAN DIEGO  "
"1780","CA5410008","TULARE  "
"1781","CA1400110","INYO  "
"1782","CA4810024","SOLANO  "
"1783","CA2300590","MENDOCINO  "
"1784","CA4200702","SANTA BARBARA  "
"1785","CA2700606","MONTEREY  "
"1786","CA1400135","INYO  "
"1787","CA4400624","SANTA CRUZ  "
"1788","CA1610005","KINGS  "
"1789","CA3710018","SAN DIEGO  "
"1790","CA5010013","STANISLAUS  "
"1791","CA5200502","TEHAMA  "
"1792","CA4900620","SONOMA  "
"1793","CA5200521","TEHAMA  "
"1794","CA5200539","TEHAMA  "
"1795","CA5200527","TEHAMA  "
"1796","CA5200545","TEHAMA  "
"1797","CA3701408","SAN DIEGO  "
"1798","CA4710011","SISKIYOU  "
"1799","CA1805007","LASSEN  "
"1800","CA4310011","SANTA CLARA  "
"1801","CA1800523","LASSEN  "
"1802","CA4010001","SAN LUIS OBISPO  "
"1803","CA4900600","SONOMA  "
"1804","CA0800800","DEL NORTE  "
"1805","CA3610051","SAN BERNARDINO  "
"1806","CA3600386","SAN BERNARDINO  "
"1807","CA3900661","SAN JOAQUIN  "
"1808","CA3910004","SAN JOAQUIN  "
"1809","CA3110026","PLACER  "
"1810","CA4500054","SHASTA  "
"1811","CA2000737","MADERA  "
"1812","CA3600209","SAN BERNARDINO  "
"1813","CA3600446","SAN BERNARDINO  "
"1814","CA5410004","TULARE  "
"1815","CA4500089","SHASTA  "
"1816","CA4900787","SONOMA  "
"1817","CA4500303","SHASTA  "
"1818","CA4310020","SANTA CLARA  "
"1819","CA1200707","HUMBOLDT  "
"1820","CA1000021","FRESNO  "
"1821","CA2000727","MADERA  "
"1822","CA1910144","LOS ANGELES  "
"1823","CA3910005","SAN JOAQUIN  "
"1824","CA1910139","LOS ANGELES  "
"1825","CA2000534","MADERA  "
"1826","CA2010007","MADERA  "
"1827","CA2000553","MADERA  "
"1828","CA2000501","MADERA  "
"1829","CA2701822","MONTEREY  "
"1830","CA3410013","SACRAMENTO  "
"1831","CA5700700","YOLO  "
"1832","CA3700291","SAN DIEGO  "
"1833","CA5403023","TULARE  "
"1834","CA4110010","SAN MATEO  "
"1835","CA5400816","TULARE  "
"1836","CA3600260","SAN BERNARDINO  "
"1837","CA4900843","SONOMA  "
"1838","CA3900569","SAN JOAQUIN  "
"1839","CA1210018","HUMBOLDT  "
"1840","CA4700541","SISKIYOU  "
"1841","CA4700627","SISKIYOU  "
"1842","CA0800556","DEL NORTE  "
"1843","CA0500027","CALAVERAS  "
"1844","CA1700554","LAKE  "
"1845","CA2210924","MARIPOSA  "
"1846","CA4700872","SISKIYOU  "
"1847","CA4700523","SISKIYOU  "
"1848","CA1910247","LOS ANGELES  "
"1849","CA3210010","PLUMAS  "
"1850","CA3610055","SAN BERNARDINO  "
"1851","CA1910240","LOS ANGELES  "
"1852","CA4310005","SANTA CLARA  "
"1853","CA4010012","SAN LUIS OBISPO  "
"1854","CA1500333","KERN  "
"1855","CA1910005","LOS ANGELES  "
"1856","CA1910010","LOS ANGELES  "
"1857","CA1910033","LOS ANGELES  "
"1858","CA1910036","LOS ANGELES  "
"1859","CA1910047","LOS ANGELES  "
"1860","CA1910050","LOS ANGELES  "
"1861","CA1910070","LOS ANGELES  "
"1862","CA1910104","LOS ANGELES  "
"1863","CA1910185","LOS ANGELES  "
"1864","CA1910242","LOS ANGELES  "
"1865","CA1910243","LOS ANGELES  "
"1866","CA1910248","LOS ANGELES  "
"1867","CA2710009","MONTEREY  "
"1868","CA2710012","MONTEREY  "
"1869","CA3110015","PLACER  "
"1870","CA1900693","LOS ANGELES  "
"1871","CA4300992","SANTA CLARA  "
"1872","CA4510013","SHASTA  "
"1873","CA4200814","SANTA BARBARA  "
"1874","CA3310036","RIVERSIDE  "
"1875","CA3310049","RIVERSIDE  "
"1876","CA3310076","RIVERSIDE  "
"1877","CA3500550","SAN BENITO  "
"1878","CA1910043","LOS ANGELES  "
"1879","CA1910174","LOS ANGELES  "
"1880","CA3310009","RIVERSIDE  "
"1881","CA2710017","MONTEREY  "
"1882","CA1910152","LOS ANGELES  "
"1883","CA1910225","LOS ANGELES  "
"1884","CA5610003","VENTURA  "
"1885","CA4300792","SANTA CLARA  "
"1886","CA5510002","TUOLUMNE  "
"1887","CA4410017","SANTA CRUZ  "
"1888","CA1510014","KERN  "
"1889","CA5510012","TUOLUMNE  "
"1890","CA5510013","TUOLUMNE  "
"1891","CA5510021","TUOLUMNE  "
"1892","CA5510028","TUOLUMNE  "
"1893","CA4300545","SANTA CLARA  "
"1894","CA3810003","SAN FRANCISCO  "
"1895","CA2701202","MONTEREY  "
"1896","CA2710004","MONTEREY  "
"1897","CA2910003","NEVADA  "
"1898","CA5610001","VENTURA  "
"1899","CA4410002","SANTA CRUZ  "
"1900","CA3610024","SAN BERNARDINO  "
"1901","CA3610114","SAN BERNARDINO  "
"1902","CA0910001","EL DORADO  "
"1903","CA3600222","SAN BERNARDINO  "
"1904","CA1910255","LOS ANGELES  "
"1905","CA2701731","MONTEREY  "
"1906","CA4300562","SANTA CLARA  "
"1907","CA5510001","TUOLUMNE  "
"1908","CA1500578","KERN  "
"1909","CA5500057","TUOLUMNE  "
"1910","CA3110031","PLACER  "
"1911","CA1710013","LAKE  "
"1912","CA3400101","SACRAMENTO  "
"1913","CA1510011","KERN  "
"1914","CA3410002","SACRAMENTO  "
"1915","CA1910042","LOS ANGELES  "
"1916","CA4210020","SANTA BARBARA  "
"1917","CA3702104","SAN DIEGO  "
"1918","CA1502690","KERN  "
"1919","CA1500563","KERN  "
"1920","CA1800503","LASSEN  "
"1921","CA5510008","TUOLUMNE  "
"1922","CA3310052","RIVERSIDE  "
"1923","CA5710005","YOLO  "
"1924","CA1500371","KERN  "
"1925","CA1500443","KERN  "
"1926","CA1910125","LOS ANGELES  "
"1927","CA1910030","LOS ANGELES  "
"1928","CA1910077","LOS ANGELES  "
"1929","CA1910142","LOS ANGELES  "
"1930","CA1910212","LOS ANGELES  "
"1931","CA2210001","MARIPOSA  "
"1932","CA4300924","SANTA CLARA  "
"1933","CA4300912","SANTA CLARA  "
"1934","CA4300856","SANTA CLARA  "
"1935","CA2710001","MONTEREY  "
"1936","CA3410010","SACRAMENTO  "
"1937","CA3310025","RIVERSIDE  "
"1938","CA3110005","PLACER  "
"1939","CA3110006","PLACER  "
"1940","CA3110024","PLACER  "
"1941","CA3110025","PLACER  "
"1942","CA3110040","PLACER  "
"1943","CA3110050","PLACER  "
"1944","CA1503270","KERN  "
"1945","CA2710010","MONTEREY  "
"1946","CA5500060","TUOLUMNE  "
"1947","CA2710013","MONTEREY  "
"1948","CA2710019","MONTEREY  "
"1949","CA2710011","MONTEREY  "
"1950","CA4110002","SAN MATEO  "
"1951","CA4110005","SAN MATEO  "
"1952","CA4110008","SAN MATEO  "
"1953","CA4310001","SANTA CLARA  "
"1954","CA3310031","RIVERSIDE  "
"1955","CA4100509","SAN MATEO  "
"1956","CA3410021","SACRAMENTO  "
"1957","CA1000229","FRESNO  "
"1958","CA1010005","FRESNO  "
"1959","CA4400642","SANTA CRUZ  "
"1960","CA4510001","SHASTA  "
"1961","CA1910223","LOS ANGELES  "
"1962","CA2702588","MONTEREY  "
"1963","CA5610021","VENTURA  "
"1964","CA5200514","TEHAMA  "
"1965","CA3610022","SAN BERNARDINO  "
"1966","CA3610044","SAN BERNARDINO  "
"1967","CA1510049","KERN  "
"1968","CA1800529","LASSEN  "
"1969","CA3010022","ORANGE  "
"1970","CA1910186","LOS ANGELES  "
"1971","CA2700511","MONTEREY  "
"1972","CA4310022","SANTA CLARA  "
"1973","CA2410005","MERCED  "
"1974","CA1910011","LOS ANGELES  "
"1975","CA1910250","LOS ANGELES  "
"1976","CA3310048","RIVERSIDE  "
"1977","CA3310001","RIVERSIDE  "
"1978","CA1910156","LOS ANGELES  "
"1979","CA2610001","MONO  "
"1980","CA1910039","LOS ANGELES  "
"1981","CA1900563","LOS ANGELES  "
"1982","CA5810006","YUBA  "
"1983","CA4310018","SANTA CLARA  "
"1984","CA1910191","LOS ANGELES  "
"1985","CA3110049","PLACER  "
"1986","CA1710002","LAKE  "
"1987","CA1910072","LOS ANGELES  "
"1988","CA1910195","LOS ANGELES  "
"1989","CA3010035","ORANGE  "
"1990","CA3010047","ORANGE  "
"1991","CA5400529","TULARE  "
"1992","CA5400805","TULARE  "
"1993","CA4910019","SONOMA  "
"1994","CA4010023","SAN LUIS OBISPO  "
"1995","CA4910008","SONOMA  "
"1996","CA4910004","SONOMA  "
"1997","CA3110022","PLACER  "
"1998","CA5700788","YOLO  "
"1999","CA4200560","SANTA BARBARA  "
"2000","CA3600027","SAN BERNARDINO  "
"2001","CA1410005","INYO  "
"2002","CA5510011","TUOLUMNE  "
"2003","CA4210021","SANTA BARBARA  "
"2004","CA2710021","MONTEREY  "
"2005","CA2700536","MONTEREY  "
"2006","CA2701367","MONTEREY  "
"2007","CA3110150","PLACER  "
"2008","CA4900646","SONOMA  "
"2009","CA3710002","SAN DIEGO  "
"2010","CA4300996","SANTA CLARA  "
"2011","CA2410008","MERCED  "
"2012","CA5010008","STANISLAUS  "
"2013","CA3410008","SACRAMENTO  "
"2014","CA2702007","MONTEREY  "
"2015","CA1510045","KERN  "
"2016","CA3610105","SAN BERNARDINO  "
"2017","CA3410015","SACRAMENTO  "
"2018","CA3610047","SAN BERNARDINO  "
"2019","CA3610063","SAN BERNARDINO  "
"2020","CA3410023","SACRAMENTO  "
"2021","CA5400504","TULARE  "
"2022","CA5410001","TULARE  "
"2023","CA5200255","TEHAMA  "
"2024","CA4300525","SANTA CLARA  "
"2025","CA5200556","TEHAMA  "
"2026","CA4300571","SANTA CLARA  "
"2027","CA4300638","SANTA CLARA  "
"2028","CA0510019","CALAVERAS  "
"2029","CA1500364","KERN  "
"2030","CA3710008","SAN DIEGO  "
"2031","CA5200574","TEHAMA  "
"2032","CA1500481","KERN  "
"2033","CA0910017","EL DORADO  "
"2034","CA0910018","EL DORADO  "
"2035","CA1300626","IMPERIAL  "
"2036","CA1800522","LASSEN  "
"2037","CA1610003","KINGS  "
"2038","CA1910013","LOS ANGELES  "
"2039","CA0510006","CALAVERAS  "
"2040","CA0510017","CALAVERAS  "
"2041","CA1910034","LOS ANGELES  "
"2042","CA1910204","LOS ANGELES  "
"2043","CA4100582","SAN MATEO  "
"2044","CA3710001","SAN DIEGO  "
"2045","CA3710020","SAN DIEGO  "
"2046","CA3310046","RIVERSIDE  "
"2047","CA4301004","SANTA CLARA  "
"2048","CA5710003","YOLO  "
"2049","CA1500554","KERN  "
"2050","CA1610002","KINGS  "
"2051","CA4300637","SANTA CLARA  "
"2052","CA2300730","MENDOCINO  "
"2053","CA2701254","MONTEREY  "
"2054","CA5601141","VENTURA  "
"2055","CA1900520","LOS ANGELES  "
"2056","CA3610048","SAN BERNARDINO  "
"2057","CA3400172","SACRAMENTO  "
"2058","CA1500409","KERN  "
"2059","CA3900907","SAN JOAQUIN  "
"2060","CA3600283","SAN BERNARDINO  "
"2061","CA1510054","KERN  "
"2062","CA1500475","KERN  "
"2063","CA1910084","LOS ANGELES  "
"2064","CA4310009","SANTA CLARA  "
"2065","CA4900582","SONOMA  "
"2066","CA3310006","RIVERSIDE  "
"2067","CA3710034","SAN DIEGO  "
"2068","CA5000015","STANISLAUS  "
"2069","CA4400528","SANTA CRUZ  "
"2070","CA5000013","STANISLAUS  "
"2071","CA3310081","RIVERSIDE  "
"2072","CA5000317","STANISLAUS  "
"2073","CA2600546","MONO  "
"2074","CA2600620","MONO  "
"2075","CA5610015","VENTURA  "
"2076","CA5610019","VENTURA  "
"2077","CA1600002","KINGS  "
"2078","CA4810003","SOLANO  "
"2079","CA1500478","KERN  "
"2080","CA3710027","SAN DIEGO  "
"2081","CA3610026","SAN BERNARDINO  "
"2082","CA1500569","KERN  "
"2083","CA1500571","KERN  "
"2084","CA1500406","KERN  "
"2085","CA1502232","KERN  "
"2086","CA1502247","KERN  "
"2087","CA5400542","TULARE  "
"2088","CA2700523","MONTEREY  "
"2089","CA3900755","SAN JOAQUIN  "
"2090","CA0707553","CONTRA COSTA  "
"2091","CA3610030","SAN BERNARDINO  "
"2092","CA4700803","SISKIYOU  "
"2093","CA3900517","SAN JOAQUIN  "
"2094","CA4210002","SANTA BARBARA  "
"2095","CA3310018","RIVERSIDE  "
"2096","CA1910102","LOS ANGELES  "
"2097","CA0910015","EL DORADO  "
"2098","CA4900578","SONOMA  "
"2099","CA5403144","TULARE  "
"2100","CA3410011","SACRAMENTO  "
"2101","CA4400585","SANTA CRUZ  "
"2102","CA4400502","SANTA CRUZ  "
"2103","CA3600258","SAN BERNARDINO  "
"2104","CA5410026","TULARE  "
"2105","CA2210925","MARIPOSA  "
"2106","CA4500094","SHASTA  "
"2107","CA4500195","SHASTA  "
"2108","CA1910165","LOS ANGELES  "
"2109","CA0400091","BUTTE  "
"2110","CA3500509","SAN BENITO  "
"2111","CA2000757","MADERA  "
"2112","CA2701898","MONTEREY  "
"2113","CA4200703","SANTA BARBARA  "
"2114","CA3200134","PLUMAS  "
"2115","CA3301045","RIVERSIDE  "
"2116","CA2310010","MENDOCINO  "
"2117","CA1410006","INYO  "
"2118","CA4700551","SISKIYOU  "
"2119","CA1900942","LOS ANGELES  "
"2120","CA4400599","SANTA CRUZ  "
"2121","CA5401026","TULARE  "
"2122","CA2800526","NAPA  "
"2123","CA3701988","SAN DIEGO  "
"2124","CA1910126","LOS ANGELES  "
"2125","CA4810007","SOLANO  "
"2126","CA1900903","LOS ANGELES  "
"2127","CA4000660","SAN LUIS OBISPO  "
"2128","CA4000631","SAN LUIS OBISPO  "
"2129","CA4400559","SANTA CRUZ  "
"2130","CA3700937","SAN DIEGO  "
"2131","CA4510016","SHASTA  "
"2132","CA1210004","HUMBOLDT  "
"2133","CA0410001","BUTTE  "
"2134","CA3610008","SAN BERNARDINO  "
"2135","CA5410021","TULARE  "
"2136","CA5301104","TRINITY  "
"2137","CA1010052","FRESNO  "
"2138","CA3600010","SAN BERNARDINO  "
"2139","CA3010003","ORANGE  "
"2140","CA2701906","MONTEREY  "
"2141","CA2900531","NEVADA  "
"2142","CA1000063","FRESNO  "
"2143","CA0707601","CONTRA COSTA  "
"2144","CA1010020","FRESNO  "
"2145","CA3600388","SAN BERNARDINO  "
"2146","CA1502620","KERN  "
"2147","CA2410011","MERCED  "
"2148","CA1400027","INYO  "
"2149","CA2300717","MENDOCINO  "
"2150","CA3900624","SAN JOAQUIN  "
"2151","CA1502663","KERN  "
"2152","CA3710014","SAN DIEGO  "
"2153","CA1500465","KERN  "
"2154","CA1010042","FRESNO  "
"2155","CA4300575","SANTA CLARA  "
"2156","CA3310003","RIVERSIDE  "
"2157","CA1500289","KERN  "
"2158","CA1700546","LAKE  "
"2159","CA2400209","MERCED  "
"2160","CA5200013","TEHAMA  "
"2161","CA0900404","EL DORADO  "
"2162","CA0707608","CONTRA COSTA  "
"2163","CA3710044","SAN DIEGO  "
"2164","CA2900523","NEVADA  "
"2165","CA4600019","SIERRA  "
"2166","CA3210004","PLUMAS  "
"2167","CA1000005","FRESNO  "
"2168","CA4900512","SONOMA  "
"2169","CA2300506","MENDOCINO  "
"2170","CA2810005","NAPA  "
"2171","CA2900529","NEVADA  "
"2172","CA1900155","LOS ANGELES  "
"2173","CA1910002","LOS ANGELES  "
"2174","CA5800805","YUBA  "
"2175","CA0800557","DEL NORTE  "
"2176","CA5800850","YUBA  "
"2177","CA3710006","SAN DIEGO  "
"2178","CA2510001","MODOC  "
"2179","CA4300630","SANTA CLARA  "
"2180","CA3410018","SACRAMENTO  "
"2181","CA2410003","MERCED  "
"2182","CA2910001","NEVADA  "
"2183","CA2910004","NEVADA  "
"2184","CA2910010","NEVADA  "
"2185","CA0910003","EL DORADO  "
"2186","CA5010018","STANISLAUS  "
"2187","CA3310012","RIVERSIDE  "
"2188","CA3310021","RIVERSIDE  "
"2189","CA5510007","TUOLUMNE  "
"2190","CA2300609","MENDOCINO  "
"2191","CA2702520","MONTEREY  "
"2192","CA4900795","SONOMA  "
"2193","CA2701364","MONTEREY  "
"2194","CA1700518","LAKE  "
"2195","CA2910023","NEVADA  "
"2196","CA4000203","SAN LUIS OBISPO  "
"2197","CA5400881","TULARE  "
"2198","CA5510005","TUOLUMNE  "
"2199","CA5500096","TUOLUMNE  "
"2200","CA1500378","KERN  "
"2201","CA1502629","KERN  "
"2202","CA3500823","SAN BENITO  "
"2203","CA4300831","SANTA CLARA  "
"2204","CA4300760","SANTA CLARA  "
"2205","CA1010001","FRESNO  "
"2206","CA4200885","SANTA BARBARA  "
"2207","CA1500566","KERN  "
"2208","CA3310005","RIVERSIDE  "
"2209","CA4910023","SONOMA  "
"2210","CA2600733","MONO  "
"2211","CA2701918","MONTEREY  "
"2212","CA2700702","MONTEREY  "
"2213","CA2710016","MONTEREY  "
"2214","CA5400718","TULARE  "
"2215","CA1000378","FRESNO  "
"2216","CA1710015","LAKE  "
"2217","CA5010017","STANISLAUS  "
"2218","CA4300522","SANTA CLARA  "
"2219","CA4310019","SANTA CLARA  "
"2220","CA4301013","SANTA CLARA  "
"2221","CA4410014","SANTA CRUZ  "
"2222","CA0110011","ALAMEDA  "
"2223","CA3610029","SAN BERNARDINO  "
"2224","CA4210024","SANTA BARBARA  "
"2225","CA1000299","FRESNO  "
"2226","CA2900530","NEVADA  "
"2227","CA1000298","FRESNO  "
"2228","CA1010039","FRESNO  "
"2229","CA4110013","SAN MATEO  "
"2230","CA4110018","SAN MATEO  "
"2231","CA5400754","TULARE  "
"2232","CA1500341","KERN  "
"2233","CA1500448","KERN  "
"2234","CA1500458","KERN  "
"2235","CA2810001","NAPA  "
"2236","CA4000834","SAN LUIS OBISPO  "
"2237","CA1910203","LOS ANGELES  "
"2238","CA1503536","KERN  "
"2239","CA5510009","TUOLUMNE  "
"2240","CA3610057","SAN BERNARDINO  "
"2241","CA0110001","ALAMEDA  "
"2242","CA5403217","TULARE  "
"2243","CA2010008","MADERA  "
"2244","CA1910096","LOS ANGELES  "
"2245","CA1910017","LOS ANGELES  "
"2246","CA1500424","KERN  "
"2247","CA1500398","KERN  "
"2248","CA3301775","RIVERSIDE  "
"2249","CA1500550","KERN  "
"2250","CA3010023","ORANGE  "
"2251","CA3400217","SACRAMENTO  "
"2252","CA1500449","KERN  "
"2253","CA2910016","NEVADA  "
"2254","CA3310047","RIVERSIDE  "
"2255","CA3410001","SACRAMENTO  "
"2256","CA1500209","KERN  "
"2257","CA4210010","SANTA BARBARA  "
"2258","CA0910006","EL DORADO  "
"2259","CA5602111","VENTURA  "
"2260","CA1500405","KERN  "
"2261","CA5110002","SUTTER  "
"2262","CA1500447","KERN  "
"2263","CA1500525","KERN  "
"2264","CA1910049","LOS ANGELES  "
"2265","CA1900075","LOS ANGELES  "
"2266","CA1900541","LOS ANGELES  "
"2267","CA4310021","SANTA CLARA  "
"2268","CA1910007","LOS ANGELES  "
"2269","CA1910060","LOS ANGELES  "
"2270","CA1910051","LOS ANGELES  "
"2271","CA1503669","KERN  "
"2272","CA1500588","KERN  "
"2273","CA5500243","TUOLUMNE  "
"2274","CA1500296","KERN  "
"2275","CA5510003","TUOLUMNE  "
"2276","CA1500401","KERN  "
"2277","CA1500404","KERN  "
"2278","CA1907028","LOS ANGELES  "
"2279","CA4510004","SHASTA  "
"2280","CA3110004","PLACER  "
"2281","CA3410014","SACRAMENTO  "
"2282","CA1510023","KERN  "
"2283","CA5500363","TUOLUMNE  "
"2284","CA1900158","LOS ANGELES  "
"2285","CA3510003","SAN BENITO  "
"2286","CA3702354","SAN DIEGO  "
"2287","CA3301171","RIVERSIDE  "
"2288","CA3610039","SAN BERNARDINO  "
"2289","CA1510046","KERN  "
"2290","CA1910130","LOS ANGELES  "
"2291","CA2710008","MONTEREY  "
"2292","CA2801080","NAPA  "
"2293","CA2310011","MENDOCINO  "
"2294","CA4410011","SANTA CRUZ  "
"2295","CA4910018","SONOMA  "
"2296","CA5400935","TULARE  "
"2297","CA4900785","SONOMA  "
"2298","CA1010024","FRESNO  "
"2299","CA1500407","KERN  "
"2300","CA1510039","KERN  "
"2301","CA3910001","SAN JOAQUIN  "
"2302","CA2010017","MADERA  "
"2303","CA1110003","GLENN  "
"2304","CA0710002","CONTRA COSTA  "
"2305","CA1310003","IMPERIAL  "
"2306","CA1910024","LOS ANGELES  "
"2307","CA3510001","SAN BENITO  "
"2308","CA4310012","SANTA CLARA  "
"2309","CA5500086","TUOLUMNE  "
"2310","CA5510023","TUOLUMNE  "
"2311","CA4300770","SANTA CLARA  "
"2312","CA4300741","SANTA CLARA  "
"2313","CA3410020","SACRAMENTO  "
"2314","CA4300520","SANTA CLARA  "
"2315","CA5500080","TUOLUMNE  "
"2316","CA4910017","SONOMA  "
"2317","CA4400572","SANTA CRUZ  "
"2318","CA4300551","SANTA CLARA  "
"2319","CA3610014","SAN BERNARDINO  "
"2320","CA1910163","LOS ANGELES  "
"2321","CA4400617","SANTA CRUZ  "
"2322","CA1500560","KERN  "
"2323","CA1510016","KERN  "
"2324","CA1510038","KERN  "
"2325","CA1910179","LOS ANGELES  "
"2326","CA4710004","SISKIYOU  "
"2327","CA3500900","SAN BENITO  "
"2328","CA1910218","LOS ANGELES  "
"2329","CA2610003","MONO  "
"2330","CA3301512","RIVERSIDE  "
"2331","CA1910052","LOS ANGELES  "
"2332","CA3410012","SACRAMENTO  "
"2333","CA3410045","SACRAMENTO  "
"2334","CA5610081","VENTURA  "
"2335","CA4110003","SAN MATEO  "
"2336","CA1710022","LAKE  "
"2337","CA3400106","SACRAMENTO  "
"2338","CA3610012","SAN BERNARDINO  "
"2339","CA3610009","SAN BERNARDINO  "
"2340","CA3510002","SAN BENITO  "
"2341","CA3900602","SAN JOAQUIN  "
"2342","CA1510051","KERN  "
"2343","CA1910245","LOS ANGELES  "
